CREATE DATABASE  IF NOT EXISTS `jeeva_construction` /*!40100 DEFAULT CHARACTER SET utf8mb4 COLLATE utf8mb4_0900_ai_ci */ /*!80016 DEFAULT ENCRYPTION='N' */;
USE `jeeva_construction`;
-- MySQL dump 10.13  Distrib 8.0.45, for Win64 (x86_64)
--
-- Host: localhost    Database: jeeva_construction
-- ------------------------------------------------------
-- Server version	8.0.45

/*!40101 SET @OLD_CHARACTER_SET_CLIENT=@@CHARACTER_SET_CLIENT */;
/*!40101 SET @OLD_CHARACTER_SET_RESULTS=@@CHARACTER_SET_RESULTS */;
/*!40101 SET @OLD_COLLATION_CONNECTION=@@COLLATION_CONNECTION */;
/*!50503 SET NAMES utf8 */;
/*!40103 SET @OLD_TIME_ZONE=@@TIME_ZONE */;
/*!40103 SET TIME_ZONE='+00:00' */;
/*!40014 SET @OLD_UNIQUE_CHECKS=@@UNIQUE_CHECKS, UNIQUE_CHECKS=0 */;
/*!40014 SET @OLD_FOREIGN_KEY_CHECKS=@@FOREIGN_KEY_CHECKS, FOREIGN_KEY_CHECKS=0 */;
/*!40101 SET @OLD_SQL_MODE=@@SQL_MODE, SQL_MODE='NO_AUTO_VALUE_ON_ZERO' */;
/*!40111 SET @OLD_SQL_NOTES=@@SQL_NOTES, SQL_NOTES=0 */;

--
-- Table structure for table `__efmigrationshistory`
--

DROP TABLE IF EXISTS `__efmigrationshistory`;
/*!40101 SET @saved_cs_client     = @@character_set_client */;
/*!50503 SET character_set_client = utf8mb4 */;
CREATE TABLE `__efmigrationshistory` (
  `MigrationId` varchar(150) CHARACTER SET utf8mb4 COLLATE utf8mb4_0900_ai_ci NOT NULL,
  `ProductVersion` varchar(32) CHARACTER SET utf8mb4 COLLATE utf8mb4_0900_ai_ci NOT NULL,
  PRIMARY KEY (`MigrationId`)
) ENGINE=InnoDB DEFAULT CHARSET=utf8mb4 COLLATE=utf8mb4_0900_ai_ci;
/*!40101 SET character_set_client = @saved_cs_client */;

--
-- Dumping data for table `__efmigrationshistory`
--

LOCK TABLES `__efmigrationshistory` WRITE;
/*!40000 ALTER TABLE `__efmigrationshistory` DISABLE KEYS */;
/*!40000 ALTER TABLE `__efmigrationshistory` ENABLE KEYS */;
UNLOCK TABLES;

--
-- Table structure for table `attendance_miscs`
--

DROP TABLE IF EXISTS `attendance_miscs`;
/*!40101 SET @saved_cs_client     = @@character_set_client */;
/*!50503 SET character_set_client = utf8mb4 */;
CREATE TABLE `attendance_miscs` (
  `id` int NOT NULL AUTO_INCREMENT,
  `AttendanceSheetId` int NOT NULL,
  `PayeeId` int NOT NULL,
  `MiscName` varchar(200) NOT NULL,
  `Amount` decimal(18,2) NOT NULL DEFAULT '0.00',
  `CreatedAt` datetime DEFAULT NULL,
  `SiteId` int DEFAULT NULL,
  PRIMARY KEY (`id`),
  KEY `attendance_miscs_SiteId_foreign_idx` (`SiteId`),
  KEY `AttendanceSheetId` (`AttendanceSheetId`),
  KEY `PayeeId` (`PayeeId`),
  CONSTRAINT `attendance_miscs_ibfk_3` FOREIGN KEY (`AttendanceSheetId`) REFERENCES `attendance_sheets` (`id`) ON DELETE CASCADE ON UPDATE CASCADE,
  CONSTRAINT `attendance_miscs_ibfk_4` FOREIGN KEY (`PayeeId`) REFERENCES `payees` (`id`) ON DELETE CASCADE ON UPDATE CASCADE,
  CONSTRAINT `attendance_miscs_SiteId_foreign_idx` FOREIGN KEY (`SiteId`) REFERENCES `sites` (`Id`) ON DELETE SET NULL ON UPDATE CASCADE
) ENGINE=InnoDB AUTO_INCREMENT=223 DEFAULT CHARSET=utf8mb4 COLLATE=utf8mb4_0900_ai_ci;
/*!40101 SET character_set_client = @saved_cs_client */;

--
-- Dumping data for table `attendance_miscs`
--

LOCK TABLES `attendance_miscs` WRITE;
/*!40000 ALTER TABLE `attendance_miscs` DISABLE KEYS */;
INSERT INTO `attendance_miscs` VALUES (32,9,671,'Tea Charges',140.00,'2026-06-06 04:03:58',74),(33,9,671,'Bus Charges',210.00,'2026-06-06 04:03:59',74),(36,9,671,'Tea Charges',80.00,'2026-06-06 04:06:04',113),(37,9,671,'Bus Charges',120.00,'2026-06-06 04:06:05',113),(38,9,671,'Tea Charges',260.00,'2026-06-06 04:07:07',73),(39,9,671,'Bus Charges',390.00,'2026-06-06 04:07:08',73),(42,9,678,'Tea Charges',40.00,'2026-06-06 04:13:14',73),(43,9,678,'Bus Charges',60.00,'2026-06-06 04:13:15',73),(53,9,692,'Tea Charges',60.00,'2026-06-06 13:28:23',113),(54,9,692,'Bus Charges',40.00,'2026-06-06 13:28:23',113),(55,9,674,'Tea Charges',240.00,'2026-06-09 04:11:51',77),(56,9,674,'Bus Charges',160.00,'2026-06-09 04:11:51',77),(57,9,671,'Tea Charges',750.00,'2026-06-09 04:12:39',77),(58,9,671,'Bus Charges',500.00,'2026-06-09 04:12:39',77),(59,9,669,'Tea Charges',450.00,'2026-06-09 04:13:07',77),(60,9,669,'Bus Charges',300.00,'2026-06-09 04:13:07',77),(61,9,669,'Tea Charges',210.00,'2026-06-09 04:14:43',74),(62,9,669,'Bus Charges',140.00,'2026-06-09 04:14:43',74),(65,9,669,'Tea Charges',960.00,'2026-06-09 04:16:36',113),(66,9,669,'Bus Charges',640.00,'2026-06-09 04:16:36',113),(71,9,680,'Tea Charges',450.00,'2026-06-09 04:21:22',74),(72,9,680,'Bus Charges',300.00,'2026-06-09 04:21:22',74),(77,9,669,'Tea Charges',390.00,'2026-06-09 04:25:27',99),(78,9,669,'Bus Charges',260.00,'2026-06-09 04:25:27',99),(79,11,674,'Tea Charges',570.00,'2026-06-09 04:30:07',77),(80,11,674,'Bus Charges',380.00,'2026-06-09 04:30:07',77),(84,11,669,'Tea Charges',1080.00,'2026-06-09 04:32:08',113),(85,11,669,'Bus Charges',720.00,'2026-06-09 04:32:08',113),(92,11,675,'Tea Charges',270.00,'2026-06-09 05:28:42',113),(93,11,675,'Bus Charges',180.00,'2026-06-09 05:28:42',113),(94,11,669,'Tea Charges',450.00,'2026-06-09 05:30:24',99),(95,11,669,'Bus Charges',300.00,'2026-06-09 05:30:24',99),(100,11,674,'Tea Charges',30.00,'2026-06-09 06:15:57',74),(102,11,675,'Tea Charges',60.00,'2026-06-09 06:21:18',73),(103,11,675,'Bus Charges',40.00,'2026-06-09 06:21:18',73),(113,11,678,'Tea Charges',270.00,'2026-06-09 07:56:25',73),(114,11,678,'Bus Charges',180.00,'2026-06-09 07:56:25',73),(115,11,671,'Tea Charges',180.00,'2026-06-10 04:15:27',74),(116,11,671,'Bus Charges',120.00,'2026-06-10 04:15:27',74),(121,11,671,'Tea Charges',330.00,'2026-06-10 04:18:01',73),(122,11,671,'Bus Charges',220.00,'2026-06-10 04:18:01',73),(123,11,678,'Tea Charges',360.00,'2026-06-10 04:19:36',77),(124,11,678,'Bus Charges',240.00,'2026-06-10 04:19:36',77),(125,11,669,'Tea Charges',180.00,'2026-06-10 04:19:59',80),(126,11,669,'Bus Charges',120.00,'2026-06-10 04:19:59',80),(127,11,670,'Tea Charges',390.00,'2026-06-10 04:22:01',73),(128,11,670,'Bus Charges',260.00,'2026-06-10 04:22:01',73),(129,11,670,'Tea Charges',120.00,'2026-06-10 04:22:48',72),(130,11,670,'Bus Charges',80.00,'2026-06-10 04:22:48',72),(134,11,669,'Tea Charges',60.00,'2026-06-11 04:24:35',72),(135,11,669,'Bus Charges',40.00,'2026-06-11 04:24:35',72),(136,11,669,'Tea Charges',480.00,'2026-06-11 04:46:26',77),(137,11,669,'Bus Charges',320.00,'2026-06-11 04:46:26',77),(147,11,688,'Tea Charges',120.00,'2026-06-11 08:15:56',77),(148,11,688,'Bus Charges',80.00,'2026-06-11 08:15:56',77),(149,11,688,'Tea Charges',90.00,'2026-06-11 12:14:43',74),(150,11,688,'Bus Charges',60.00,'2026-06-11 12:14:43',74),(154,11,680,'Tea Charges',120.00,'2026-06-13 03:34:53',74),(155,11,680,'Bus Charges',80.00,'2026-06-13 03:34:53',74),(156,11,669,'Tea Charges',750.00,'2026-06-13 03:47:37',74),(158,11,671,'Bus Charges',480.00,'2026-06-13 05:26:29',77),(159,11,671,'Tea Charges',720.00,'2026-06-13 05:26:30',77),(160,11,674,'Tea Charges',120.00,'2026-06-13 12:55:07',72),(162,11,674,'bus charges',24.00,'2026-06-13 15:00:18',72),(164,11,669,'Bus Charges',500.00,'2026-06-15 03:39:50',74),(169,12,671,'Tea Charges',1080.00,'2026-06-15 03:58:11',77),(170,12,671,'Bus Charges',720.00,'2026-06-15 03:58:11',77),(171,12,674,'Tea Charges',390.00,'2026-06-15 03:58:41',77),(172,12,674,'Bus Charges',260.00,'2026-06-15 03:58:41',77),(181,12,669,'Tea Charges',60.00,'2026-06-15 05:37:24',NULL),(182,12,669,'Bus Charges',40.00,'2026-06-15 05:37:24',NULL),(183,12,669,'Tea Charges',60.00,'2026-06-15 06:39:35',81),(184,12,669,'Bus Charges',40.00,'2026-06-15 06:39:35',81),(190,12,669,'Tea Charges',990.00,'2026-06-16 04:14:22',113),(191,12,669,'Bus Charges',660.00,'2026-06-16 04:14:23',113),(202,12,669,'Tea Charges',300.00,'2026-06-18 04:45:11',74),(205,12,671,'Tea Charges',360.00,'2026-06-18 04:48:24',74),(206,12,671,'Bus Charges',240.00,'2026-06-18 04:48:24',74),(209,12,680,'Tea Charges',90.00,'2026-06-18 09:35:42',74),(210,12,680,'Bus Charges',60.00,'2026-06-18 09:35:42',74),(211,12,675,'Tea Charges',90.00,'2026-06-19 06:15:03',113),(212,12,675,'Bus Charges',60.00,'2026-06-19 06:15:03',113),(213,12,669,'Tea Charges',870.00,'2026-06-20 03:43:24',77),(214,12,669,'Bus Charges',580.00,'2026-06-20 03:43:28',77),(215,12,678,'Tea Charges',420.00,'2026-06-20 03:46:12',77),(216,12,678,'Bus Charges',280.00,'2026-06-20 03:46:13',77),(219,12,670,'Bus Charges',360.00,'2026-06-20 03:54:02',73),(220,12,670,'Tea Charges',540.00,'2026-06-20 03:54:03',73),(221,12,671,'Tea Charges',30.00,'2026-06-20 04:39:39',81),(222,12,671,'Bus Charges',20.00,'2026-06-20 04:39:39',81);
/*!40000 ALTER TABLE `attendance_miscs` ENABLE KEYS */;
UNLOCK TABLES;

--
-- Table structure for table `attendance_records`
--

DROP TABLE IF EXISTS `attendance_records`;
/*!40101 SET @saved_cs_client     = @@character_set_client */;
/*!50503 SET character_set_client = utf8mb4 */;
CREATE TABLE `attendance_records` (
  `id` int NOT NULL AUTO_INCREMENT,
  `AttendanceSheetId` int NOT NULL,
  `PayeeId` int NOT NULL,
  `SiteId` int NOT NULL,
  `AttendanceDate` date NOT NULL,
  `ShiftType` varchar(30) NOT NULL,
  `ShiftMultiplier` decimal(3,1) NOT NULL,
  `LabourCount` int NOT NULL DEFAULT '1',
  `RatePerShift` decimal(18,2) NOT NULL,
  `CalculatedAmount` decimal(18,2) NOT NULL DEFAULT '0.00',
  `CreatedAt` datetime DEFAULT NULL,
  `PersonType` varchar(30) NOT NULL DEFAULT 'Mason',
  PRIMARY KEY (`id`),
  KEY `AttendanceSheetId` (`AttendanceSheetId`),
  KEY `PayeeId` (`PayeeId`),
  KEY `SiteId` (`SiteId`),
  CONSTRAINT `attendance_records_ibfk_1` FOREIGN KEY (`AttendanceSheetId`) REFERENCES `attendance_sheets` (`id`) ON DELETE CASCADE ON UPDATE CASCADE,
  CONSTRAINT `attendance_records_ibfk_2` FOREIGN KEY (`PayeeId`) REFERENCES `payees` (`id`) ON DELETE CASCADE ON UPDATE CASCADE,
  CONSTRAINT `attendance_records_ibfk_3` FOREIGN KEY (`SiteId`) REFERENCES `sites` (`Id`) ON DELETE CASCADE ON UPDATE CASCADE
) ENGINE=InnoDB AUTO_INCREMENT=730 DEFAULT CHARSET=utf8mb4 COLLATE=utf8mb4_0900_ai_ci;
/*!40101 SET character_set_client = @saved_cs_client */;

--
-- Dumping data for table `attendance_records`
--

LOCK TABLES `attendance_records` WRITE;
/*!40000 ALTER TABLE `attendance_records` DISABLE KEYS */;
INSERT INTO `attendance_records` VALUES (20,7,682,88,'2026-05-20','1½ Shift',1.5,1,800.00,1200.00,'2026-05-23 07:02:13','Mason'),(21,7,682,88,'2026-05-20','1½ Shift',1.5,1,500.00,750.00,'2026-05-23 07:02:18','Female Helper'),(22,7,682,88,'2026-05-20','1½ Shift',1.5,1,700.00,1050.00,'2026-05-23 07:02:44','Male Helper'),(23,7,682,88,'2026-05-19','1½ Shift',1.5,1,700.00,1050.00,'2026-05-23 07:03:02','Male Helper'),(24,7,682,88,'2026-05-21','1½ Shift',1.5,1,800.00,1200.00,'2026-05-23 07:03:32','Mason'),(25,7,682,88,'2026-05-21','1½ Shift',1.5,1,500.00,750.00,'2026-05-23 07:03:38','Female Helper'),(26,7,682,88,'2026-05-22','1½ Shift',1.5,1,800.00,1200.00,'2026-05-23 07:04:12','Mason'),(27,7,682,88,'2026-05-22','1½ Shift',1.5,1,500.00,750.00,'2026-05-23 07:04:17','Female Helper'),(28,7,682,88,'2026-05-22','1½ Shift',1.5,1,700.00,1050.00,'2026-05-23 07:04:21','Male Helper'),(29,7,682,88,'2026-05-23','1½ Shift',1.5,1,800.00,1200.00,'2026-05-23 07:04:48','Mason'),(30,7,682,88,'2026-05-23','1½ Shift',1.5,1,500.00,750.00,'2026-05-23 07:05:07','Female Helper'),(31,7,682,79,'2026-05-20','1½ Shift',1.5,1,800.00,1200.00,'2026-05-23 07:06:39','Mason'),(32,7,682,79,'2026-05-20','1½ Shift',1.5,1,500.00,750.00,'2026-05-23 07:06:45','Female Helper'),(33,7,682,80,'2026-05-21','1½ Shift',1.5,1,800.00,1200.00,'2026-05-23 07:07:32','Mason'),(34,7,682,80,'2026-05-21','1½ Shift',1.5,1,500.00,750.00,'2026-05-23 07:07:36','Female Helper'),(35,7,682,80,'2026-05-22','1½ Shift',1.5,1,800.00,1200.00,'2026-05-23 07:07:59','Mason'),(36,7,682,80,'2026-05-22','1½ Shift',1.5,1,500.00,750.00,'2026-05-23 07:08:03','Female Helper'),(37,7,682,80,'2026-05-22','1½ Shift',1.5,1,700.00,1050.00,'2026-05-23 07:08:16','Male Helper'),(38,7,682,80,'2026-05-23','1½ Shift',1.5,1,800.00,1200.00,'2026-05-23 07:08:32','Mason'),(39,7,682,80,'2026-05-23','1½ Shift',1.5,1,500.00,750.00,'2026-05-23 07:08:46','Female Helper'),(40,7,671,75,'2026-05-20','1½ Shift',1.5,2,1050.00,2100.00,'2026-05-23 07:10:59','Painter'),(41,7,671,74,'2026-05-17','1½ Shift',1.5,2,1050.00,2100.00,'2026-05-23 07:12:09','Painter'),(43,7,671,74,'2026-05-19','1½ Shift',1.5,2,1050.00,2100.00,'2026-05-23 07:14:42','Painter'),(44,7,671,74,'2026-05-18','1½ Shift',1.5,2,1050.00,2100.00,'2026-05-23 07:15:04','Painter'),(45,7,671,74,'2026-05-20','1½ Shift',1.5,2,1050.00,2100.00,'2026-05-23 07:15:40','Painter'),(46,7,671,74,'2026-05-22','1½ Shift',1.5,2,1050.00,2100.00,'2026-05-23 07:15:57','Painter'),(47,7,671,74,'2026-05-23','1½ Shift',1.5,2,1050.00,2100.00,'2026-05-23 07:16:08','Painter'),(52,7,671,73,'2026-05-18','1½ Shift',1.5,2,1050.00,2100.00,'2026-05-23 07:22:39','Painter'),(53,7,671,73,'2026-05-21','1½ Shift',1.5,3,1050.00,3150.00,'2026-05-23 07:23:06','Painter'),(55,7,671,73,'2026-05-23','1½ Shift',1.5,3,1050.00,3150.00,'2026-05-23 07:23:58','Painter'),(56,7,671,73,'2026-05-22','1½ Shift',1.5,3,1050.00,3150.00,'2026-05-23 07:27:31','Painter'),(57,7,671,77,'2026-05-18','1½ Shift',1.5,2,1050.00,2100.00,'2026-05-23 07:49:09','Painter'),(58,7,671,77,'2026-05-18','1 Shift',1.0,1,700.00,700.00,'2026-05-23 07:49:15','Painter'),(59,7,671,77,'2026-05-19','1½ Shift',1.5,5,1050.00,5250.00,'2026-05-23 07:49:39','Painter'),(60,7,671,77,'2026-05-20','1½ Shift',1.5,2,1050.00,2100.00,'2026-05-23 07:50:08','Painter'),(61,7,671,77,'2026-05-21','1½ Shift',1.5,3,1050.00,3150.00,'2026-05-23 07:50:27','Painter'),(62,7,671,77,'2026-05-22','1½ Shift',1.5,3,1050.00,3150.00,'2026-05-23 07:50:43','Painter'),(63,7,671,77,'2026-05-23','1½ Shift',1.5,4,1050.00,4200.00,'2026-05-23 07:51:02','Painter'),(68,7,670,73,'2026-05-18','1 Shift',1.0,1,800.00,800.00,'2026-05-23 07:54:35','Mason'),(69,7,670,73,'2026-05-18','1½ Shift',1.5,1,800.00,1200.00,'2026-05-23 07:54:39','Mason'),(70,7,670,73,'2026-05-18','1½ Shift',1.5,1,500.00,750.00,'2026-05-23 07:54:56','Female Helper'),(71,7,670,73,'2026-05-18','1½ Shift',1.5,2,700.00,2100.00,'2026-05-23 07:55:12','Male Helper'),(72,7,670,73,'2026-05-19','1½ Shift',1.5,3,800.00,3600.00,'2026-05-23 07:55:46','Mason'),(73,7,670,73,'2026-05-19','1½ Shift',1.5,2,500.00,1500.00,'2026-05-23 07:55:52','Female Helper'),(74,7,670,73,'2026-05-19','1½ Shift',1.5,2,700.00,2100.00,'2026-05-23 07:55:58','Male Helper'),(75,7,670,73,'2026-05-20','1½ Shift',1.5,3,800.00,3600.00,'2026-05-23 07:56:15','Mason'),(76,7,670,73,'2026-05-20','1½ Shift',1.5,2,500.00,1500.00,'2026-05-23 07:56:21','Female Helper'),(77,7,670,73,'2026-05-20','1½ Shift',1.5,2,700.00,2100.00,'2026-05-23 07:56:26','Male Helper'),(81,7,670,73,'2026-05-22','1½ Shift',1.5,1,800.00,1200.00,'2026-05-23 07:57:25','Mason'),(82,7,670,73,'2026-05-22','1½ Shift',1.5,1,500.00,750.00,'2026-05-23 07:57:29','Female Helper'),(84,7,670,73,'2026-05-23','1½ Shift',1.5,2,800.00,2400.00,'2026-05-23 07:57:58','Mason'),(85,7,670,73,'2026-05-23','1½ Shift',1.5,2,500.00,1500.00,'2026-05-23 07:58:04','Female Helper'),(86,7,670,73,'2026-05-23','1½ Shift',1.5,1,700.00,1050.00,'2026-05-23 07:58:11','Male Helper'),(87,7,670,73,'2026-05-22','1½ Shift',1.5,1,700.00,1050.00,'2026-05-23 08:00:16','Male Helper'),(88,7,670,73,'2026-05-22','½ Shift',0.5,1,700.00,350.00,'2026-05-23 08:00:21','Male Helper'),(89,7,670,73,'2026-05-21','1 Shift',1.0,3,800.00,2400.00,'2026-05-23 08:07:30','Mason'),(90,7,670,73,'2026-05-21','1 Shift',1.0,2,500.00,1000.00,'2026-05-23 08:07:35','Female Helper'),(91,7,670,73,'2026-05-21','1 Shift',1.0,1,700.00,700.00,'2026-05-23 08:07:43','Male Helper'),(92,7,674,77,'2026-05-18','1½ Shift',1.5,1,700.00,1050.00,'2026-05-23 08:09:07','Male Helper'),(93,7,674,77,'2026-05-20','1½ Shift',1.5,1,700.00,1050.00,'2026-05-23 08:09:39','Male Helper'),(94,7,674,77,'2026-05-21','1½ Shift',1.5,1,500.00,750.00,'2026-05-23 08:09:59','Female Helper'),(96,7,674,77,'2026-05-21','1½ Shift',1.5,3,700.00,3150.00,'2026-05-23 08:10:27','Male Helper'),(97,7,674,77,'2026-05-22','1½ Shift',1.5,1,500.00,750.00,'2026-05-23 08:11:02','Female Helper'),(98,7,674,77,'2026-05-22','1½ Shift',1.5,2,700.00,2100.00,'2026-05-23 08:11:07','Male Helper'),(100,7,674,77,'2026-05-23','1½ Shift',1.5,1,500.00,750.00,'2026-05-23 08:11:55','Female Helper'),(101,7,674,77,'2026-05-23','1½ Shift',1.5,1,700.00,1050.00,'2026-05-23 08:12:00','Male Helper'),(102,7,669,77,'2026-05-18','1½ Shift',1.5,1,800.00,1200.00,'2026-05-23 08:15:43','Mason'),(103,7,669,77,'2026-05-18','1½ Shift',1.5,2,500.00,1500.00,'2026-05-23 08:15:48','Female Helper'),(104,7,669,77,'2026-05-19','1½ Shift',1.5,1,800.00,1200.00,'2026-05-23 08:16:05','Mason'),(105,7,669,77,'2026-05-19','1½ Shift',1.5,2,500.00,1500.00,'2026-05-23 08:16:13','Female Helper'),(106,7,669,77,'2026-05-20','1½ Shift',1.5,1,800.00,1200.00,'2026-05-23 08:16:32','Mason'),(108,7,669,77,'2026-05-21','1½ Shift',1.5,1,800.00,1200.00,'2026-05-23 08:16:53','Mason'),(109,7,669,77,'2026-05-21','1½ Shift',1.5,1,500.00,750.00,'2026-05-23 08:17:09','Female Helper'),(110,7,669,77,'2026-05-22','1½ Shift',1.5,1,800.00,1200.00,'2026-05-23 08:17:28','Mason'),(111,7,669,77,'2026-05-22','1½ Shift',1.5,2,500.00,1500.00,'2026-05-23 08:17:36','Female Helper'),(112,7,669,77,'2026-05-23','1½ Shift',1.5,1,800.00,1200.00,'2026-05-23 08:17:56','Mason'),(113,7,669,77,'2026-05-23','1½ Shift',1.5,2,500.00,1500.00,'2026-05-23 08:18:01','Female Helper'),(114,7,669,77,'2026-05-20','1½ Shift',1.5,2,500.00,1500.00,'2026-05-23 08:20:09','Female Helper'),(115,7,669,75,'2026-05-18','1½ Shift',1.5,1,800.00,1200.00,'2026-05-23 08:29:30','Mason'),(116,7,669,75,'2026-05-18','1½ Shift',1.5,1,500.00,750.00,'2026-05-23 08:29:34','Female Helper'),(118,7,669,75,'2026-05-19','1½ Shift',1.5,1,800.00,1200.00,'2026-05-23 08:30:01','Mason'),(119,7,669,75,'2026-05-19','1½ Shift',1.5,1,500.00,750.00,'2026-05-23 08:30:05','Female Helper'),(120,7,669,75,'2026-05-20','1½ Shift',1.5,1,800.00,1200.00,'2026-05-23 08:30:30','Mason'),(121,7,669,75,'2026-05-20','1½ Shift',1.5,1,500.00,750.00,'2026-05-23 08:30:33','Female Helper'),(122,7,669,75,'2026-05-20','1½ Shift',1.5,1,700.00,1050.00,'2026-05-23 08:30:37','Male Helper'),(123,7,669,75,'2026-05-18','1½ Shift',1.5,1,700.00,1050.00,'2026-05-23 08:40:04','Male Helper'),(127,7,669,78,'2026-05-21','1½ Shift',1.5,2,800.00,2400.00,'2026-05-23 08:49:45','Mason'),(128,7,669,78,'2026-05-21','1½ Shift',1.5,2,500.00,1500.00,'2026-05-23 08:49:51','Female Helper'),(129,7,669,78,'2026-05-21','1½ Shift',1.5,1,700.00,1050.00,'2026-05-23 08:49:57','Male Helper'),(130,7,669,78,'2026-05-22','1½ Shift',1.5,2,800.00,2400.00,'2026-05-23 08:50:15','Mason'),(131,7,669,78,'2026-05-22','1½ Shift',1.5,2,500.00,1500.00,'2026-05-23 08:50:21','Female Helper'),(132,7,669,78,'2026-05-23','1½ Shift',1.5,2,800.00,2400.00,'2026-05-23 08:50:41','Mason'),(133,7,669,78,'2026-05-23','1½ Shift',1.5,2,500.00,1500.00,'2026-05-23 08:50:48','Female Helper'),(135,7,669,78,'2026-05-23','1½ Shift',1.5,1,700.00,1050.00,'2026-05-23 08:51:01','Male Helper'),(137,7,674,78,'2026-05-23','½ Shift',0.5,1,800.00,400.00,'2026-05-23 12:06:08','Driller'),(142,7,669,74,'2026-05-18','1½ Shift',1.5,1,800.00,1200.00,'2026-05-23 12:27:25','Mason'),(143,7,669,74,'2026-05-18','1½ Shift',1.5,1,500.00,750.00,'2026-05-23 12:27:31','Female Helper'),(144,7,669,74,'2026-05-18','1½ Shift',1.5,1,700.00,1050.00,'2026-05-23 12:27:37','Male Helper'),(148,7,669,78,'2026-05-20','1½ Shift',1.5,1,800.00,1200.00,'2026-05-23 12:30:42','Mason'),(149,7,669,78,'2026-05-20','1½ Shift',1.5,1,500.00,750.00,'2026-05-23 12:30:45','Female Helper'),(150,7,669,78,'2026-05-20','1½ Shift',1.5,1,700.00,1050.00,'2026-05-23 12:30:49','Male Helper'),(151,7,669,74,'2026-05-19','1½ Shift',1.5,2,800.00,2400.00,'2026-05-23 12:31:44','Mason'),(152,7,669,74,'2026-05-19','1½ Shift',1.5,2,500.00,1500.00,'2026-05-23 12:31:49','Female Helper'),(153,7,669,74,'2026-05-19','1½ Shift',1.5,1,700.00,1050.00,'2026-05-23 12:31:53','Male Helper'),(154,7,669,74,'2026-05-20','1½ Shift',1.5,2,800.00,2400.00,'2026-05-23 12:32:06','Mason'),(155,7,669,74,'2026-05-20','1½ Shift',1.5,2,500.00,1500.00,'2026-05-23 12:32:11','Female Helper'),(156,7,669,74,'2026-05-20','1½ Shift',1.5,1,700.00,1050.00,'2026-05-23 12:32:16','Male Helper'),(157,7,669,113,'2026-05-18','1½ Shift',1.5,2,800.00,2400.00,'2026-05-23 12:33:28','Mason'),(158,7,669,113,'2026-05-18','1½ Shift',1.5,4,500.00,3000.00,'2026-05-23 12:33:35','Female Helper'),(159,7,669,113,'2026-05-18','1½ Shift',1.5,1,700.00,1050.00,'2026-05-23 12:33:41','Male Helper'),(160,7,669,113,'2026-05-19','1½ Shift',1.5,2,800.00,2400.00,'2026-05-23 12:33:59','Mason'),(161,7,669,113,'2026-05-19','1½ Shift',1.5,3,500.00,2250.00,'2026-05-23 12:34:04','Female Helper'),(162,7,669,113,'2026-05-19','1½ Shift',1.5,1,700.00,1050.00,'2026-05-23 12:34:11','Male Helper'),(163,7,669,113,'2026-05-20','1½ Shift',1.5,2,800.00,2400.00,'2026-05-23 12:34:29','Mason'),(165,7,669,113,'2026-05-20','1½ Shift',1.5,3,500.00,2250.00,'2026-05-23 12:34:42','Female Helper'),(166,7,669,113,'2026-05-20','1½ Shift',1.5,1,700.00,1050.00,'2026-05-23 12:34:50','Male Helper'),(167,7,669,113,'2026-05-21','1½ Shift',1.5,1,800.00,1200.00,'2026-05-23 12:35:10','Mason'),(169,7,669,113,'2026-05-22','1½ Shift',1.5,2,800.00,2400.00,'2026-05-23 12:35:38','Mason'),(170,7,669,113,'2026-05-22','1½ Shift',1.5,3,500.00,2250.00,'2026-05-23 12:35:42','Female Helper'),(171,7,669,113,'2026-05-22','1½ Shift',1.5,1,700.00,1050.00,'2026-05-23 12:35:47','Male Helper'),(174,7,669,113,'2026-05-23','1½ Shift',1.5,2,500.00,1500.00,'2026-05-23 12:40:51','Female Helper'),(175,7,669,113,'2026-05-23','1½ Shift',1.5,1,700.00,1050.00,'2026-05-23 12:40:59','Male Helper'),(177,8,669,77,'2026-05-24','1½ Shift',1.5,2,500.00,1500.00,'2026-05-25 04:14:35','Female Helper'),(178,8,669,77,'2026-05-25','1½ Shift',1.5,1,800.00,1200.00,'2026-05-25 04:14:46','Mason'),(179,8,669,77,'2026-05-25','1½ Shift',1.5,2,500.00,1500.00,'2026-05-25 04:14:53','Female Helper'),(180,8,669,77,'2026-05-25','1½ Shift',1.5,1,700.00,1050.00,'2026-05-25 04:14:59','Male Helper'),(181,8,669,77,'2026-05-24','1½ Shift',1.5,1,800.00,1200.00,'2026-05-25 04:18:15','Mason'),(182,8,674,77,'2026-05-25','1½ Shift',1.5,1,700.00,1050.00,'2026-05-25 04:18:48','Male Helper'),(183,8,669,74,'2026-05-25','1½ Shift',1.5,0,800.00,0.00,'2026-05-25 04:19:24','Mason'),(186,8,671,74,'2026-05-25','1½ Shift',1.5,3,1050.00,3150.00,'2026-05-25 04:20:20','Painter'),(187,8,669,113,'2026-05-25','1½ Shift',1.5,1,800.00,1200.00,'2026-05-25 04:23:25','Mason'),(188,8,669,113,'2026-05-25','1½ Shift',1.5,4,500.00,3000.00,'2026-05-25 04:23:30','Female Helper'),(192,8,670,73,'2026-05-25','1½ Shift',1.5,2,800.00,2400.00,'2026-05-25 04:25:20','Mason'),(193,8,670,73,'2026-05-25','1½ Shift',1.5,2,500.00,1500.00,'2026-05-25 04:25:24','Female Helper'),(194,8,670,73,'2026-05-25','1½ Shift',1.5,1,700.00,1050.00,'2026-05-25 04:25:28','Male Helper'),(196,8,671,74,'2026-05-24','1 Shift',1.0,2,700.00,1400.00,'2026-05-25 05:06:28','Painter'),(197,8,678,113,'2026-05-24','1½ Shift',1.5,3,1000.00,4500.00,'2026-05-25 07:46:06','Tiles Layer'),(198,8,678,113,'2026-05-25','1½ Shift',1.5,2,1000.00,3000.00,'2026-05-25 07:46:21','Tiles Layer'),(200,8,680,113,'2026-05-25','1½ Shift',1.5,2,1200.00,2400.00,'2026-05-25 07:48:33','Electrician'),(201,8,671,74,'2026-05-26','1½ Shift',1.5,3,1050.00,3150.00,'2026-05-26 03:56:12','Painter'),(202,8,671,73,'2026-05-26','1½ Shift',1.5,3,1050.00,3150.00,'2026-05-26 03:56:38','Painter'),(203,8,671,73,'2026-05-25','1½ Shift',1.5,2,1050.00,2100.00,'2026-05-26 03:57:40','Painter'),(204,8,669,77,'2026-05-26','1½ Shift',1.5,1,800.00,1200.00,'2026-05-26 03:59:07','Mason'),(205,8,669,77,'2026-05-26','1½ Shift',1.5,1,500.00,750.00,'2026-05-26 03:59:10','Female Helper'),(206,8,669,77,'2026-05-26','1½ Shift',1.5,1,700.00,1050.00,'2026-05-26 03:59:14','Male Helper'),(207,8,669,113,'2026-05-26','1½ Shift',1.5,1,800.00,1200.00,'2026-05-26 04:00:08','Mason'),(208,8,669,113,'2026-05-26','1½ Shift',1.5,2,500.00,1500.00,'2026-05-26 04:00:14','Female Helper'),(209,8,678,113,'2026-05-26','1½ Shift',1.5,2,1000.00,3000.00,'2026-05-26 04:00:51','Tiles Layer'),(213,8,670,73,'2026-05-26','1½ Shift',1.5,2,800.00,2400.00,'2026-05-26 04:03:17','Mason'),(214,8,670,73,'2026-05-26','1½ Shift',1.5,3,500.00,2250.00,'2026-05-26 04:03:22','Female Helper'),(215,8,670,73,'2026-05-26','1½ Shift',1.5,1,700.00,1050.00,'2026-05-26 04:03:29','Male Helper'),(217,8,674,77,'2026-05-26','1½ Shift',1.5,3,700.00,3150.00,'2026-05-26 04:06:43','Male Helper'),(219,8,671,73,'2026-05-26','½ Shift',0.5,2,350.00,700.00,'2026-05-28 05:46:10','Painter'),(220,8,671,73,'2026-05-27','1½ Shift',1.5,3,1050.00,3150.00,'2026-05-28 05:46:36','Painter'),(221,8,671,73,'2026-05-28','1½ Shift',1.5,3,1050.00,3150.00,'2026-05-28 05:47:00','Painter'),(222,8,671,74,'2026-05-27','1½ Shift',1.5,3,1050.00,3150.00,'2026-05-28 05:48:03','Painter'),(223,8,671,74,'2026-05-28','1½ Shift',1.5,2,1050.00,2100.00,'2026-05-28 05:48:19','Painter'),(224,8,671,77,'2026-05-28','1½ Shift',1.5,2,1050.00,2100.00,'2026-05-28 05:48:48','Painter'),(225,8,669,77,'2026-05-28','1½ Shift',1.5,1,800.00,1200.00,'2026-05-28 05:49:22','Mason'),(226,8,669,77,'2026-05-28','1½ Shift',1.5,2,500.00,1500.00,'2026-05-28 05:49:32','Female Helper'),(227,8,669,77,'2026-05-28','1½ Shift',1.5,1,700.00,1050.00,'2026-05-28 05:49:44','Male Helper'),(228,8,669,113,'2026-05-28','1½ Shift',1.5,2,800.00,2400.00,'2026-05-28 06:41:55','Mason'),(229,8,669,113,'2026-05-28','1½ Shift',1.5,4,500.00,3000.00,'2026-05-28 06:42:05','Female Helper'),(230,8,680,113,'2026-05-28','1½ Shift',1.5,2,1200.00,2400.00,'2026-05-28 06:42:44','Electrician'),(231,8,680,113,'2026-05-26','1 Shift',1.0,2,800.00,1600.00,'2026-05-28 06:43:02','Electrician'),(232,8,678,113,'2026-05-28','1½ Shift',1.5,2,1500.00,3000.00,'2026-05-28 06:43:34','Tiles Layer'),(234,8,669,77,'2026-05-29','1½ Shift',1.5,1,800.00,1200.00,'2026-05-29 03:41:25','Mason'),(235,8,669,77,'2026-05-29','1½ Shift',1.5,2,500.00,1500.00,'2026-05-29 03:41:32','Female Helper'),(236,8,669,77,'2026-05-29','1½ Shift',1.5,1,700.00,1050.00,'2026-05-29 03:41:37','Male Helper'),(237,8,671,77,'2026-05-29','1½ Shift',1.5,3,1050.00,3150.00,'2026-05-29 03:42:23','Painter'),(238,8,671,73,'2026-05-29','1½ Shift',1.5,3,1050.00,3150.00,'2026-05-29 03:42:35','Painter'),(240,8,671,74,'2026-05-29','1½ Shift',1.5,3,1050.00,3150.00,'2026-05-29 03:43:42','Painter'),(241,8,669,113,'2026-05-29','1½ Shift',1.5,2,800.00,2400.00,'2026-05-29 03:47:28','Mason'),(242,8,669,113,'2026-05-29','1½ Shift',1.5,6,500.00,4500.00,'2026-05-29 03:47:35','Female Helper'),(244,8,678,113,'2026-05-29','1½ Shift',1.5,2,1500.00,3000.00,'2026-05-29 03:49:01','Tiles Layer'),(245,8,670,73,'2026-05-29','1½ Shift',1.5,2,800.00,2400.00,'2026-05-29 03:51:24','Mason'),(246,8,670,73,'2026-05-29','1½ Shift',1.5,1,500.00,750.00,'2026-05-29 03:51:32','Female Helper'),(247,8,670,73,'2026-05-29','1½ Shift',1.5,3,700.00,3150.00,'2026-05-29 03:54:28','Male Helper'),(248,7,669,113,'2026-05-21','1½ Shift',1.5,1,500.00,750.00,'2026-05-29 04:06:17','Female Helper'),(249,8,669,77,'2026-05-30','1½ Shift',1.5,1,800.00,1200.00,'2026-05-30 04:07:57','Mason'),(250,8,669,77,'2026-05-30','1½ Shift',1.5,2,500.00,1500.00,'2026-05-30 04:08:03','Female Helper'),(252,8,669,77,'2026-05-30','1½ Shift',1.5,1,700.00,1050.00,'2026-05-30 04:09:21','Male Helper'),(253,8,669,113,'2026-05-30','1½ Shift',1.5,2,800.00,2400.00,'2026-05-30 04:09:57','Mason'),(254,8,669,113,'2026-05-30','1½ Shift',1.5,4,500.00,3000.00,'2026-05-30 04:10:05','Female Helper'),(255,8,680,113,'2026-05-30','1 Shift',1.0,2,800.00,1600.00,'2026-05-30 04:11:12','Electrician'),(256,8,680,113,'2026-05-30','1½ Shift',1.5,2,1200.00,2400.00,'2026-05-30 04:11:18','Electrician'),(257,8,680,113,'2026-05-29','1 Shift',1.0,1,800.00,800.00,'2026-05-30 04:12:10','Electrician'),(258,8,680,113,'2026-05-29','1½ Shift',1.5,3,1200.00,3600.00,'2026-05-30 04:12:20','Electrician'),(259,8,671,113,'2026-05-30','1½ Shift',1.5,2,1050.00,2100.00,'2026-05-30 04:13:14','Painter'),(260,8,670,73,'2026-05-30','1½ Shift',1.5,2,800.00,2400.00,'2026-05-30 04:13:57','Mason'),(261,8,670,73,'2026-05-30','1½ Shift',1.5,1,500.00,750.00,'2026-05-30 04:14:03','Female Helper'),(262,8,670,73,'2026-05-30','1½ Shift',1.5,2,700.00,2100.00,'2026-05-30 04:14:11','Male Helper'),(264,8,675,77,'2026-05-30','½ Shift',0.5,3,400.00,1200.00,'2026-05-30 05:41:08','CENTERING'),(265,8,675,73,'2026-05-30','1 Shift',1.0,3,800.00,2400.00,'2026-05-30 12:56:48','CENTERING'),(266,8,692,113,'2026-05-30','1 Shift',1.0,2,800.00,1600.00,'2026-05-30 14:46:52','Carpenter'),(267,8,692,113,'2026-05-29','1 Shift',1.0,2,800.00,1600.00,'2026-05-30 14:47:14','Carpenter'),(268,8,692,113,'2026-05-28','1 Shift',1.0,2,800.00,1600.00,'2026-05-30 14:47:33','Carpenter'),(269,8,692,113,'2026-05-26','1 Shift',1.0,2,800.00,1600.00,'2026-05-30 14:47:53','Carpenter'),(270,8,692,113,'2026-05-25','1 Shift',1.0,2,800.00,1600.00,'2026-05-30 14:48:14','Carpenter'),(277,9,670,73,'2026-05-31','1½ Shift',1.5,3,800.00,3600.00,'2026-06-01 04:10:15','Mason'),(278,9,670,73,'2026-05-31','1½ Shift',1.5,2,500.00,1500.00,'2026-06-01 04:10:22','Female Helper'),(279,9,670,73,'2026-05-31','1½ Shift',1.5,3,700.00,3150.00,'2026-06-01 04:10:31','Male Helper'),(280,9,670,73,'2026-06-01','1½ Shift',1.5,1,800.00,1200.00,'2026-06-01 04:10:55','Mason'),(281,9,670,73,'2026-06-01','1½ Shift',1.5,3,500.00,2250.00,'2026-06-01 04:11:08','Female Helper'),(282,9,670,73,'2026-06-01','1½ Shift',1.5,2,700.00,2100.00,'2026-06-01 04:11:16','Male Helper'),(283,9,669,113,'2026-05-31','1½ Shift',1.5,2,800.00,2400.00,'2026-06-01 04:17:08','Mason'),(284,9,669,113,'2026-05-31','1½ Shift',1.5,2,500.00,1500.00,'2026-06-01 04:17:15','Female Helper'),(285,9,669,113,'2026-05-31','1½ Shift',1.5,1,700.00,1050.00,'2026-06-01 04:17:24','Male Helper'),(286,9,669,113,'2026-06-01','1½ Shift',1.5,2,800.00,2400.00,'2026-06-01 04:17:51','Mason'),(287,9,669,113,'2026-06-01','1½ Shift',1.5,4,500.00,3000.00,'2026-06-01 04:18:00','Female Helper'),(288,9,669,113,'2026-06-01','1½ Shift',1.5,1,700.00,1050.00,'2026-06-01 04:18:13','Male Helper'),(289,9,671,113,'2026-05-31','1½ Shift',1.5,1,1050.00,1050.00,'2026-06-01 04:23:42','Painter'),(290,9,671,73,'2026-05-31','1½ Shift',1.5,3,1050.00,3150.00,'2026-06-01 04:25:01','Painter'),(291,9,671,73,'2026-05-31','1 Shift',1.0,1,700.00,700.00,'2026-06-01 04:25:06','Painter'),(293,9,671,73,'2026-06-01','1½ Shift',1.5,3,1050.00,3150.00,'2026-06-01 04:27:59','Painter'),(295,9,671,74,'2026-06-01','1½ Shift',1.5,2,1050.00,2100.00,'2026-06-01 04:29:56','Painter'),(296,9,671,74,'2026-06-01','½ Shift',0.5,1,350.00,350.00,'2026-06-01 04:30:02','Painter'),(297,9,692,113,'2026-06-01','1 Shift',1.0,2,800.00,1600.00,'2026-06-01 04:31:48','Carpenter'),(298,9,669,113,'2026-05-30','1½ Shift',1.5,2,800.00,2400.00,'2026-06-01 06:08:17','Mason'),(299,9,669,113,'2026-05-30','1½ Shift',1.5,1,500.00,750.00,'2026-06-01 06:08:24','Female Helper'),(300,9,669,113,'2026-05-30','1½ Shift',1.5,1,700.00,1050.00,'2026-06-01 06:08:33','Male Helper'),(301,9,669,77,'2026-06-01','1½ Shift',1.5,1,800.00,1200.00,'2026-06-01 07:01:55','Mason'),(305,9,671,77,'2026-06-01','1 Shift',1.0,1,700.00,700.00,'2026-06-01 07:06:11','Painter'),(306,9,671,77,'2026-06-01','½ Shift',0.5,1,350.00,350.00,'2026-06-01 07:06:15','Painter'),(308,9,680,74,'2026-06-01','1 Shift',1.0,4,800.00,3200.00,'2026-06-01 07:07:48','Electrician'),(309,9,670,73,'2026-06-01','1½ Shift',1.5,2,800.00,2400.00,'2026-06-02 03:40:41','Mason'),(310,9,670,73,'2026-06-01','1½ Shift',1.5,2,500.00,1500.00,'2026-06-02 03:40:48','Female Helper'),(311,9,670,73,'2026-06-01','1½ Shift',1.5,1,700.00,1050.00,'2026-06-02 03:40:54','Male Helper'),(312,9,670,73,'2026-06-02','1½ Shift',1.5,1,800.00,1200.00,'2026-06-02 03:41:04','Mason'),(313,9,670,73,'2026-06-02','½ Shift',0.5,1,800.00,400.00,'2026-06-02 03:41:08','Mason'),(314,9,670,73,'2026-06-02','1½ Shift',1.5,3,500.00,2250.00,'2026-06-02 03:41:15','Female Helper'),(315,9,670,73,'2026-06-02','1½ Shift',1.5,2,700.00,2100.00,'2026-06-02 03:41:21','Male Helper'),(316,9,669,113,'2026-06-02','1½ Shift',1.5,4,800.00,4800.00,'2026-06-02 03:45:25','Mason'),(318,9,669,113,'2026-06-02','1½ Shift',1.5,2,700.00,2100.00,'2026-06-02 03:45:41','Male Helper'),(319,9,671,113,'2026-06-02','1½ Shift',1.5,2,1050.00,2100.00,'2026-06-02 03:46:14','Painter'),(322,9,671,77,'2026-06-02','1½ Shift',1.5,3,1050.00,3150.00,'2026-06-02 03:53:20','Painter'),(323,9,671,74,'2026-06-02','1½ Shift',1.5,2,1050.00,2100.00,'2026-06-02 03:53:57','Painter'),(324,9,682,80,'2026-06-02','1½ Shift',1.5,1,800.00,1200.00,'2026-06-02 03:57:30','Mason'),(325,9,682,80,'2026-06-02','1½ Shift',1.5,1,500.00,750.00,'2026-06-02 03:57:34','Female Helper'),(326,9,669,113,'2026-06-02','1½ Shift',1.5,4,500.00,3000.00,'2026-06-02 03:58:29','Female Helper'),(327,9,669,77,'2026-06-01','1½ Shift',1.5,1,500.00,750.00,'2026-06-02 04:00:58','Female Helper'),(328,9,671,73,'2026-06-02','1½ Shift',1.5,3,1050.00,3150.00,'2026-06-02 04:05:21','Painter'),(329,9,680,113,'2026-06-01','1½ Shift',1.5,2,1200.00,2400.00,'2026-06-02 04:23:13','Electrician'),(330,9,680,113,'2026-06-01','½ Shift',0.5,2,400.00,800.00,'2026-06-02 04:23:21','Electrician'),(332,9,678,73,'2026-06-02','1½ Shift',1.5,1,1500.00,1500.00,'2026-06-02 08:01:08','Tiles Layer'),(333,9,669,113,'2026-06-03','1½ Shift',1.5,2,800.00,2400.00,'2026-06-03 03:48:05','Mason'),(334,9,669,113,'2026-06-03','1½ Shift',1.5,3,500.00,2250.00,'2026-06-03 03:48:14','Female Helper'),(335,9,669,113,'2026-06-03','1½ Shift',1.5,1,700.00,1050.00,'2026-06-03 03:48:23','Male Helper'),(336,9,671,113,'2026-06-03','1½ Shift',1.5,1,1050.00,1050.00,'2026-06-03 03:48:42','Painter'),(337,9,669,77,'2026-06-03','1½ Shift',1.5,1,800.00,1200.00,'2026-06-03 03:49:06','Mason'),(338,9,669,77,'2026-06-03','1½ Shift',1.5,1,500.00,750.00,'2026-06-03 03:49:12','Female Helper'),(339,9,678,77,'2026-06-02','1½ Shift',1.5,2,1500.00,3000.00,'2026-06-03 03:49:59','Tiles Layer'),(340,9,680,74,'2026-06-02','1 Shift',1.0,2,800.00,1600.00,'2026-06-03 03:50:35','Electrician'),(341,9,680,113,'2026-06-02','1 Shift',1.0,4,800.00,3200.00,'2026-06-03 03:50:59','Electrician'),(342,9,671,77,'2026-06-03','1½ Shift',1.5,3,1050.00,3150.00,'2026-06-03 03:52:10','Painter'),(343,9,671,74,'2026-06-03','1 Shift',1.0,2,700.00,1400.00,'2026-06-03 03:53:12','Painter'),(344,9,671,73,'2026-06-03','1½ Shift',1.5,3,1050.00,3150.00,'2026-06-03 03:53:53','Painter'),(347,9,680,73,'2026-06-02','1 Shift',1.0,3,800.00,2400.00,'2026-06-03 04:01:14','Electrician'),(349,9,678,73,'2026-06-03','1½ Shift',1.5,1,1500.00,1500.00,'2026-06-03 04:08:05','Tiles Layer'),(352,9,670,72,'2026-06-02','1 Shift',1.0,1,800.00,800.00,'2026-06-03 04:17:10','Mason'),(353,9,670,72,'2026-06-02','1 Shift',1.0,1,700.00,700.00,'2026-06-03 04:17:40','Male Helper'),(355,9,680,113,'2026-06-03','½ Shift',0.5,1,400.00,400.00,'2026-06-03 06:02:40','Electrician'),(356,9,670,73,'2026-06-03','1½ Shift',1.5,1,500.00,750.00,'2026-06-03 10:31:46','Female Helper'),(357,9,670,73,'2026-06-03','1½ Shift',1.5,2,700.00,2100.00,'2026-06-03 10:31:54','Male Helper'),(359,9,669,74,'2026-06-04','1½ Shift',1.5,1,800.00,1200.00,'2026-06-04 03:47:59','Mason'),(360,9,669,74,'2026-06-04','1½ Shift',1.5,1,500.00,750.00,'2026-06-04 03:48:02','Female Helper'),(361,9,669,99,'2026-06-04','1½ Shift',1.5,2,800.00,2400.00,'2026-06-04 04:15:03','Mason'),(362,9,669,99,'2026-06-04','1½ Shift',1.5,1,500.00,750.00,'2026-06-04 04:15:06','Female Helper'),(363,9,669,99,'2026-06-04','1½ Shift',1.5,1,700.00,1050.00,'2026-06-04 04:15:10','Male Helper'),(364,9,669,77,'2026-06-04','1½ Shift',1.5,1,800.00,1200.00,'2026-06-04 06:04:28','Mason'),(366,9,674,77,'2026-06-04','1½ Shift',1.5,2,700.00,2100.00,'2026-06-04 06:05:00','Male Helper'),(369,9,669,77,'2026-06-04','1½ Shift',1.5,2,500.00,1500.00,'2026-06-04 06:06:55','Female Helper'),(370,9,671,77,'2026-06-04','1½ Shift',1.5,3,1050.00,3150.00,'2026-06-04 06:07:31','Painter'),(371,9,671,77,'2026-06-04','1 Shift',1.0,2,700.00,1400.00,'2026-06-04 06:07:37','Painter'),(372,9,678,77,'2026-06-04','1½ Shift',1.5,2,1500.00,3000.00,'2026-06-04 06:08:37','Tiles Layer'),(373,9,678,77,'2026-06-03','1½ Shift',1.5,2,1500.00,3000.00,'2026-06-04 06:08:51','Tiles Layer'),(374,9,680,73,'2026-06-03','½ Shift',0.5,3,400.00,1200.00,'2026-06-04 06:12:32','Electrician'),(375,9,669,77,'2026-06-05','1½ Shift',1.5,1,800.00,1200.00,'2026-06-05 03:44:40','Mason'),(376,9,669,77,'2026-06-05','1½ Shift',1.5,2,500.00,1500.00,'2026-06-05 03:44:48','Female Helper'),(379,9,674,77,'2026-06-05','1½ Shift',1.5,2,700.00,2100.00,'2026-06-05 03:45:31','Male Helper'),(380,9,674,77,'2026-06-05','1½ Shift',1.5,1,500.00,750.00,'2026-06-05 03:45:35','Female Helper'),(381,9,671,77,'2026-06-05','1½ Shift',1.5,6,1050.00,6300.00,'2026-06-05 03:45:56','Painter'),(382,9,678,77,'2026-06-05','1½ Shift',1.5,6,1500.00,9000.00,'2026-06-05 03:46:12','Tiles Layer'),(383,9,682,80,'2026-06-05','1½ Shift',1.5,1,800.00,1200.00,'2026-06-05 03:47:38','Mason'),(384,9,682,80,'2026-06-05','1½ Shift',1.5,1,500.00,750.00,'2026-06-05 03:47:42','Female Helper'),(385,9,682,80,'2026-06-05','1½ Shift',1.5,1,700.00,1050.00,'2026-06-05 03:47:48','Male Helper'),(386,9,669,99,'2026-06-05','1½ Shift',1.5,2,800.00,2400.00,'2026-06-05 03:52:04','Mason'),(387,9,669,99,'2026-06-05','1½ Shift',1.5,2,500.00,1500.00,'2026-06-05 03:52:09','Female Helper'),(388,9,669,99,'2026-06-05','1½ Shift',1.5,1,700.00,1050.00,'2026-06-05 03:52:23','Male Helper'),(389,9,669,74,'2026-06-05','1½ Shift',1.5,1,800.00,1200.00,'2026-06-05 03:53:03','Mason'),(390,9,669,74,'2026-06-05','1½ Shift',1.5,1,500.00,750.00,'2026-06-05 03:53:07','Female Helper'),(392,9,680,74,'2026-06-05','1 Shift',1.0,3,800.00,2400.00,'2026-06-05 04:32:45','Electrician'),(394,9,669,77,'2026-06-06','1½ Shift',1.5,2,800.00,2400.00,'2026-06-06 03:35:26','Mason'),(395,9,669,77,'2026-06-06','1½ Shift',1.5,2,500.00,1500.00,'2026-06-06 03:35:33','Female Helper'),(396,9,669,77,'2026-06-06','1½ Shift',1.5,1,700.00,1050.00,'2026-06-06 03:35:40','Male Helper'),(397,9,671,77,'2026-06-06','1½ Shift',1.5,5,1050.00,5250.00,'2026-06-06 03:36:05','Painter'),(398,9,671,77,'2026-06-06','1 Shift',1.0,1,700.00,700.00,'2026-06-06 03:36:17','Painter'),(399,9,674,77,'2026-06-06','1½ Shift',1.5,2,700.00,2100.00,'2026-06-06 03:36:48','Male Helper'),(400,9,674,77,'2026-06-06','1½ Shift',1.5,1,500.00,750.00,'2026-06-06 03:36:54','Female Helper'),(401,9,682,80,'2026-06-06','1½ Shift',1.5,1,800.00,1200.00,'2026-06-06 03:38:26','Mason'),(402,9,682,80,'2026-06-06','1½ Shift',1.5,1,500.00,750.00,'2026-06-06 03:38:29','Female Helper'),(403,9,682,80,'2026-06-06','1½ Shift',1.5,1,700.00,1050.00,'2026-06-06 03:38:33','Male Helper'),(404,9,669,74,'2026-06-06','1½ Shift',1.5,1,800.00,1200.00,'2026-06-06 03:41:08','Mason'),(405,9,669,74,'2026-06-06','1½ Shift',1.5,2,500.00,1500.00,'2026-06-06 03:41:12','Female Helper'),(407,9,669,99,'2026-06-06','1½ Shift',1.5,1,500.00,750.00,'2026-06-06 03:41:45','Female Helper'),(408,9,669,99,'2026-06-06','1½ Shift',1.5,1,700.00,1050.00,'2026-06-06 03:41:49','Male Helper'),(409,9,669,99,'2026-06-06','1½ Shift',1.5,2,800.00,2400.00,'2026-06-06 03:42:02','Mason'),(410,9,678,77,'2026-06-06','1½ Shift',1.5,6,1500.00,9000.00,'2026-06-06 03:57:51','Tiles Layer'),(411,9,680,74,'2026-06-03','1½ Shift',1.5,1,1200.00,1200.00,'2026-06-06 04:21:51','Electrician'),(412,9,680,74,'2026-06-03','1 Shift',1.0,2,800.00,1600.00,'2026-06-06 04:22:00','Electrician'),(413,9,680,74,'2026-06-05','½ Shift',0.5,3,800.00,1200.00,'2026-06-06 04:47:57','Mason'),(437,11,674,77,'2026-06-08','1½ Shift',1.5,3,700.00,3150.00,'2026-06-09 04:30:07','Male Helper'),(438,11,674,77,'2026-06-08','1½ Shift',1.5,1,500.00,750.00,'2026-06-09 04:30:13','Female Helper'),(439,11,669,74,'2026-06-08','1½ Shift',1.5,2,500.00,1500.00,'2026-06-09 04:31:28','Female Helper'),(440,11,669,113,'2026-06-08','1½ Shift',1.5,2,800.00,2400.00,'2026-06-09 04:32:08','Mason'),(441,11,669,113,'2026-06-08','1½ Shift',1.5,5,500.00,3750.00,'2026-06-09 04:32:15','Female Helper'),(442,11,669,77,'2026-06-09','1½ Shift',1.5,1,800.00,1200.00,'2026-06-09 04:34:23','Mason'),(443,11,669,77,'2026-06-09','1½ Shift',1.5,2,500.00,1500.00,'2026-06-09 04:34:29','Female Helper'),(445,11,669,74,'2026-06-09','1½ Shift',1.5,1,500.00,750.00,'2026-06-09 04:41:26','Female Helper'),(446,11,669,74,'2026-06-09','1½ Shift',1.5,1,700.00,1050.00,'2026-06-09 04:41:43','Male Helper'),(447,11,680,74,'2026-06-09','1 Shift',1.0,2,800.00,1600.00,'2026-06-09 04:43:47','Electrician'),(448,11,669,113,'2026-06-09','1½ Shift',1.5,1,800.00,1200.00,'2026-06-09 04:45:11','Mason'),(449,11,669,113,'2026-06-09','1½ Shift',1.5,4,500.00,3000.00,'2026-06-09 04:45:20','Female Helper'),(450,11,675,113,'2026-06-09','1½ Shift',1.5,2,1200.00,2400.00,'2026-06-09 05:28:42','CENTERING'),(451,11,675,113,'2026-06-09','1 Shift',1.0,1,800.00,800.00,'2026-06-09 05:28:47','CENTERING'),(452,11,669,99,'2026-06-09','1½ Shift',1.5,1,500.00,750.00,'2026-06-09 05:30:24','Female Helper'),(458,11,674,77,'2026-06-09','1½ Shift',1.5,2,700.00,2100.00,'2026-06-09 05:33:53','Male Helper'),(459,11,674,77,'2026-06-09','1½ Shift',1.5,2,500.00,1500.00,'2026-06-09 05:34:00','Female Helper'),(460,11,678,77,'2026-06-09','1½ Shift',1.5,2,1500.00,3000.00,'2026-06-09 05:34:56','Tiles Layer'),(461,11,678,77,'2026-06-08','1½ Shift',1.5,2,1500.00,3000.00,'2026-06-09 05:35:27','Tiles Layer'),(462,11,674,74,'2026-06-09','1½ Shift',1.5,1,700.00,1050.00,'2026-06-09 06:15:57','Male Helper'),(464,11,675,73,'2026-06-09','1½ Shift',1.5,1,500.00,750.00,'2026-06-09 06:21:21','Female Helper'),(465,11,675,73,'2026-06-09','1½ Shift',1.5,1,700.00,1050.00,'2026-06-09 06:21:28','Male Helper'),(474,11,669,99,'2026-06-09','1½ Shift',1.5,1,700.00,1050.00,'2026-06-09 06:28:52','Male Helper'),(476,11,678,73,'2026-06-09','1½ Shift',1.5,2,1500.00,3000.00,'2026-06-09 07:56:25','Tiles Layer'),(477,11,671,74,'2026-06-09','1 Shift',1.0,1,700.00,700.00,'2026-06-10 04:15:27','Painter'),(481,11,671,77,'2026-06-09','½ Shift',0.5,1,350.00,350.00,'2026-06-10 04:16:21','Painter'),(482,11,671,77,'2026-06-09','1 Shift',1.0,1,700.00,700.00,'2026-06-10 04:16:27','Painter'),(483,11,671,77,'2026-06-09','1½ Shift',1.5,5,1050.00,5250.00,'2026-06-10 04:16:35','Painter'),(484,11,671,77,'2026-06-10','1½ Shift',1.5,3,1050.00,3150.00,'2026-06-10 04:17:43','Painter'),(485,11,671,73,'2026-06-10','1½ Shift',1.5,2,1050.00,2100.00,'2026-06-10 04:18:01','Painter'),(487,11,669,77,'2026-06-10','1½ Shift',1.5,2,800.00,2400.00,'2026-06-10 04:18:32','Mason'),(491,11,674,77,'2026-06-10','1½ Shift',1.5,2,500.00,1500.00,'2026-06-10 04:19:12','Female Helper'),(492,11,678,77,'2026-06-10','1½ Shift',1.5,2,1500.00,3000.00,'2026-06-10 04:19:36','Tiles Layer'),(493,11,669,80,'2026-06-10','1½ Shift',1.5,2,800.00,2400.00,'2026-06-10 04:19:59','Mason'),(495,11,669,80,'2026-06-10','1½ Shift',1.5,4,500.00,3000.00,'2026-06-10 04:20:14','Female Helper'),(496,11,670,73,'2026-06-10','1½ Shift',1.5,1,800.00,1200.00,'2026-06-10 04:22:01','Mason'),(497,11,670,73,'2026-06-10','1½ Shift',1.5,1,500.00,750.00,'2026-06-10 04:22:04','Female Helper'),(498,11,670,73,'2026-06-10','1½ Shift',1.5,1,700.00,1050.00,'2026-06-10 04:22:08','Male Helper'),(499,11,670,72,'2026-06-10','1 Shift',1.0,1,800.00,800.00,'2026-06-10 04:22:48','Mason'),(500,11,670,72,'2026-06-10','1 Shift',1.0,1,700.00,700.00,'2026-06-10 04:22:56','Male Helper'),(501,11,669,99,'2026-06-10','1½ Shift',1.5,1,800.00,1200.00,'2026-06-10 04:25:15','Mason'),(502,11,669,99,'2026-06-10','1½ Shift',1.5,1,500.00,750.00,'2026-06-10 04:25:20','Female Helper'),(503,11,669,99,'2026-06-10','1½ Shift',1.5,1,700.00,1050.00,'2026-06-10 04:25:26','Male Helper'),(505,11,669,77,'2026-06-11','1½ Shift',1.5,1,500.00,750.00,'2026-06-11 04:06:50','Female Helper'),(507,11,674,77,'2026-06-11','1½ Shift',1.5,1,500.00,750.00,'2026-06-11 04:07:09','Female Helper'),(508,11,678,77,'2026-06-11','1½ Shift',1.5,2,1500.00,3000.00,'2026-06-11 04:18:43','Tiles Layer'),(509,11,671,77,'2026-06-11','1½ Shift',1.5,4,1050.00,4200.00,'2026-06-11 04:18:53','Painter'),(512,11,669,74,'2026-06-11','1½ Shift',1.5,2,800.00,2400.00,'2026-06-11 04:22:15','Mason'),(513,11,669,74,'2026-06-11','1½ Shift',1.5,2,500.00,1500.00,'2026-06-11 04:22:21','Female Helper'),(514,11,669,74,'2026-06-11','1½ Shift',1.5,2,700.00,2100.00,'2026-06-11 04:22:27','Male Helper'),(515,11,669,113,'2026-06-11','1½ Shift',1.5,2,800.00,2400.00,'2026-06-11 04:22:57','Mason'),(516,11,669,113,'2026-06-11','1½ Shift',1.5,4,500.00,3000.00,'2026-06-11 04:23:05','Female Helper'),(517,11,669,99,'2026-06-11','1½ Shift',1.5,1,800.00,1200.00,'2026-06-11 04:23:37','Mason'),(518,11,669,99,'2026-06-11','1½ Shift',1.5,1,500.00,750.00,'2026-06-11 04:23:42','Female Helper'),(519,11,669,99,'2026-06-11','1½ Shift',1.5,1,700.00,1050.00,'2026-06-11 04:23:47','Male Helper'),(524,11,669,72,'2026-06-11','1½ Shift',1.5,1,800.00,1200.00,'2026-06-11 04:24:35','Mason'),(525,11,669,72,'2026-06-11','1½ Shift',1.5,1,700.00,1050.00,'2026-06-11 04:24:41','Male Helper'),(526,11,669,77,'2026-06-10','1½ Shift',1.5,2,500.00,1500.00,'2026-06-11 04:46:32','Female Helper'),(527,11,669,77,'2026-06-10','1 Shift',1.0,2,500.00,1000.00,'2026-06-11 04:46:39','Female Helper'),(529,11,669,74,'2026-06-10','½ Shift',0.5,2,500.00,500.00,'2026-06-11 04:54:32','Female Helper'),(531,11,670,73,'2026-06-11','1½ Shift',1.5,1,500.00,750.00,'2026-06-11 05:15:06','Female Helper'),(533,11,670,73,'2026-06-11','1½ Shift',1.5,1,700.00,1050.00,'2026-06-11 05:21:29','Male Helper'),(534,11,670,73,'2026-06-11','1½ Shift',1.5,1,800.00,1200.00,'2026-06-11 05:21:34','Mason'),(537,11,671,73,'2026-06-11','1½ Shift',1.5,2,1050.00,2100.00,'2026-06-11 05:30:57','Painter'),(538,11,671,73,'2026-06-08','1½ Shift',1.5,2,1050.00,2100.00,'2026-06-11 05:31:30','Painter'),(539,11,670,72,'2026-06-11','1½ Shift',1.5,2,700.00,2100.00,'2026-06-11 05:45:07','Male Helper'),(541,11,678,73,'2026-06-11','1½ Shift',1.5,2,1500.00,3000.00,'2026-06-11 08:10:52','Tiles Layer'),(542,11,678,73,'2026-06-10','1½ Shift',1.5,2,1500.00,3000.00,'2026-06-11 08:11:04','Tiles Layer'),(547,11,674,77,'2026-06-11','1½ Shift',1.5,1,700.00,1050.00,'2026-06-11 08:17:53','Male Helper'),(548,11,674,77,'2026-06-10','1½ Shift',1.5,3,700.00,3150.00,'2026-06-11 08:18:07','Male Helper'),(549,11,688,74,'2026-06-11','½ Shift',0.5,3,800.00,1200.00,'2026-06-11 12:14:43','Driller'),(550,11,669,74,'2026-06-11','1 Shift',1.0,1,500.00,500.00,'2026-06-12 04:26:07','Female Helper'),(551,11,669,74,'2026-06-11','1 Shift',1.0,2,800.00,1600.00,'2026-06-12 04:26:14','Mason'),(552,11,669,74,'2026-06-11','1 Shift',1.0,2,700.00,1400.00,'2026-06-12 04:26:21','Male Helper'),(553,11,669,77,'2026-06-12','1½ Shift',1.5,1,800.00,1200.00,'2026-06-12 04:27:10','Mason'),(554,11,669,77,'2026-06-12','1½ Shift',1.5,2,500.00,1500.00,'2026-06-12 04:27:16','Female Helper'),(555,11,671,77,'2026-06-12','1½ Shift',1.5,5,1050.00,5250.00,'2026-06-12 04:27:39','Painter'),(556,11,674,77,'2026-06-12','1½ Shift',1.5,1,500.00,750.00,'2026-06-12 04:28:01','Female Helper'),(557,11,674,77,'2026-06-12','1½ Shift',1.5,1,700.00,1050.00,'2026-06-12 04:28:06','Male Helper'),(558,11,688,77,'2026-06-12','1½ Shift',1.5,1,800.00,1200.00,'2026-06-12 04:28:16','Driller'),(559,11,688,77,'2026-06-11','1½ Shift',1.5,1,800.00,1200.00,'2026-06-12 04:28:31','Driller'),(560,11,688,77,'2026-06-10','1½ Shift',1.5,2,800.00,2400.00,'2026-06-12 04:28:51','Driller'),(561,11,678,77,'2026-06-12','1½ Shift',1.5,2,1500.00,3000.00,'2026-06-12 04:29:38','Tiles Layer'),(562,11,669,74,'2026-06-12','1½ Shift',1.5,1,800.00,1200.00,'2026-06-12 04:30:02','Mason'),(563,11,669,74,'2026-06-12','1½ Shift',1.5,1,500.00,750.00,'2026-06-12 04:31:26','Female Helper'),(564,11,669,74,'2026-06-12','1½ Shift',1.5,1,700.00,1050.00,'2026-06-12 04:31:30','Male Helper'),(567,11,669,113,'2026-06-12','1½ Shift',1.5,2,800.00,2400.00,'2026-06-12 04:34:31','Mason'),(568,11,669,113,'2026-06-12','1½ Shift',1.5,4,500.00,3000.00,'2026-06-12 04:34:38','Female Helper'),(571,11,675,113,'2026-06-12','1 Shift',1.0,1,800.00,800.00,'2026-06-12 04:35:37','CENTERING'),(572,11,669,99,'2026-06-12','1½ Shift',1.5,1,800.00,1200.00,'2026-06-12 04:36:24','Mason'),(573,11,669,99,'2026-06-12','1½ Shift',1.5,1,500.00,750.00,'2026-06-12 04:36:29','Female Helper'),(575,11,671,74,'2026-06-12','1 Shift',1.0,1,700.00,700.00,'2026-06-12 04:50:54','Painter'),(576,11,669,113,'2026-06-10','1½ Shift',1.5,2,800.00,2400.00,'2026-06-12 04:54:23','Mason'),(577,11,669,113,'2026-06-10','1½ Shift',1.5,4,500.00,3000.00,'2026-06-12 04:54:30','Female Helper'),(578,11,675,113,'2026-06-12','1½ Shift',1.5,2,1200.00,2400.00,'2026-06-12 04:55:30','CENTERING'),(579,11,669,99,'2026-06-12','1½ Shift',1.5,1,700.00,1050.00,'2026-06-12 04:58:35','Male Helper'),(580,11,670,73,'2026-06-12','1½ Shift',1.5,1,800.00,1200.00,'2026-06-12 05:09:32','Mason'),(581,11,670,73,'2026-06-12','1½ Shift',1.5,1,500.00,750.00,'2026-06-12 05:09:37','Female Helper'),(582,11,670,73,'2026-06-12','1½ Shift',1.5,2,700.00,2100.00,'2026-06-12 05:09:43','Male Helper'),(583,11,669,77,'2026-06-13','1½ Shift',1.5,1,800.00,1200.00,'2026-06-13 03:32:44','Mason'),(584,11,669,77,'2026-06-13','1½ Shift',1.5,2,500.00,1500.00,'2026-06-13 03:32:51','Female Helper'),(585,11,671,77,'2026-06-13','1½ Shift',1.5,4,1050.00,4200.00,'2026-06-13 03:33:11','Painter'),(586,11,674,77,'2026-06-13','1½ Shift',1.5,1,500.00,750.00,'2026-06-13 03:33:26','Female Helper'),(587,11,674,77,'2026-06-13','1½ Shift',1.5,1,700.00,1050.00,'2026-06-13 03:33:31','Male Helper'),(588,11,678,77,'2026-06-13','1½ Shift',1.5,2,1500.00,3000.00,'2026-06-13 03:33:50','Tiles Layer'),(589,11,680,74,'2026-06-12','1 Shift',1.0,2,800.00,1600.00,'2026-06-13 03:34:53','Electrician'),(590,11,671,74,'2026-06-12','1 Shift',1.0,1,700.00,700.00,'2026-06-13 03:38:56','Painter'),(592,11,671,74,'2026-06-13','1½ Shift',1.5,1,1050.00,1050.00,'2026-06-13 03:39:43','Painter'),(593,11,671,73,'2026-06-13','1½ Shift',1.5,3,1050.00,3150.00,'2026-06-13 03:40:31','Painter'),(594,11,669,74,'2026-06-13','1½ Shift',1.5,1,800.00,1200.00,'2026-06-13 03:47:37','Mason'),(595,11,669,74,'2026-06-13','1½ Shift',1.5,1,700.00,1050.00,'2026-06-13 03:47:43','Male Helper'),(596,11,669,99,'2026-06-13','1½ Shift',1.5,1,800.00,1200.00,'2026-06-13 03:47:57','Mason'),(597,11,669,99,'2026-06-13','1½ Shift',1.5,1,500.00,750.00,'2026-06-13 03:48:01','Female Helper'),(598,11,669,99,'2026-06-13','1½ Shift',1.5,1,700.00,1050.00,'2026-06-13 03:48:05','Male Helper'),(599,11,670,73,'2026-06-13','1½ Shift',1.5,1,800.00,1200.00,'2026-06-13 03:48:23','Mason'),(600,11,670,73,'2026-06-13','1½ Shift',1.5,1,500.00,750.00,'2026-06-13 03:48:27','Female Helper'),(601,11,670,73,'2026-06-13','1½ Shift',1.5,1,700.00,1050.00,'2026-06-13 03:48:31','Male Helper'),(602,11,669,113,'2026-06-13','1½ Shift',1.5,2,800.00,2400.00,'2026-06-13 03:48:59','Mason'),(603,11,669,113,'2026-06-13','1½ Shift',1.5,4,500.00,3000.00,'2026-06-13 03:49:05','Female Helper'),(604,11,675,113,'2026-06-13','1½ Shift',1.5,2,1200.00,2400.00,'2026-06-13 03:49:20','CENTERING'),(605,11,675,113,'2026-06-13','1 Shift',1.0,1,800.00,800.00,'2026-06-13 03:49:29','CENTERING'),(606,11,671,73,'2026-06-12','1½ Shift',1.5,2,1050.00,2100.00,'2026-06-13 03:57:46','Painter'),(607,11,671,77,'2026-06-11','1 Shift',1.0,1,700.00,700.00,'2026-06-13 05:27:38','Painter'),(608,11,678,73,'2026-06-12','1½ Shift',1.5,3,1500.00,4500.00,'2026-06-13 07:10:45','Tiles Layer'),(609,11,669,99,'2026-06-09','1½ Shift',1.5,1,800.00,1200.00,'2026-06-13 12:35:16','Mason'),(610,11,674,72,'2026-06-12','1½ Shift',1.5,2,700.00,2100.00,'2026-06-13 12:55:06','Male Helper'),(611,11,674,72,'2026-06-13','1½ Shift',1.5,2,700.00,2100.00,'2026-06-13 12:55:15','Male Helper'),(612,11,671,74,'2026-06-10','1 Shift',1.0,1,700.00,700.00,'2026-06-13 13:12:24','Painter'),(613,11,671,74,'2026-06-10','1 Shift',1.0,1,700.00,700.00,'2026-06-13 13:17:19','Painter'),(620,11,669,74,'2026-06-14','1 Shift',1.0,1,800.00,800.00,'2026-06-15 03:40:19','Mason'),(621,11,669,74,'2026-06-14','1½ Shift',1.5,2,500.00,1500.00,'2026-06-15 03:40:26','Female Helper'),(626,12,669,77,'2026-06-15','1½ Shift',1.5,1,750.00,750.00,'2026-06-15 03:57:04','Female Helper'),(627,12,669,74,'2026-06-14','1 Shift',1.0,1,800.00,800.00,'2026-06-15 03:57:17','Mason'),(628,12,669,74,'2026-06-14','1½ Shift',1.5,2,750.00,1500.00,'2026-06-15 03:57:24','Female Helper'),(630,12,671,77,'2026-06-15','1½ Shift',1.5,3,1050.00,3150.00,'2026-06-15 03:58:11','Painter'),(631,12,674,77,'2026-06-15','1½ Shift',1.5,2,750.00,1500.00,'2026-06-15 03:58:41','Female Helper'),(632,12,674,77,'2026-06-15','1½ Shift',1.5,2,800.00,2400.00,'2026-06-15 03:58:53','Driller'),(633,12,669,113,'2026-06-15','1½ Shift',1.5,1,1200.00,1200.00,'2026-06-15 04:03:09','Mason'),(634,12,669,113,'2026-06-15','1½ Shift',1.5,2,750.00,1500.00,'2026-06-15 04:03:14','Female Helper'),(635,12,669,74,'2026-06-15','1½ Shift',1.5,2,750.00,1500.00,'2026-06-15 04:09:17','Female Helper'),(637,12,671,74,'2026-06-15','1½ Shift',1.5,2,1050.00,2100.00,'2026-06-15 04:11:57','Painter'),(640,12,669,81,'2026-06-15','1½ Shift',1.5,1,1200.00,1200.00,'2026-06-15 06:39:35','Mason'),(641,12,669,81,'2026-06-15','1½ Shift',1.5,1,750.00,750.00,'2026-06-15 06:39:41','Female Helper'),(644,12,669,77,'2026-06-16','1½ Shift',1.5,1,1200.00,1200.00,'2026-06-16 03:55:33','Mason'),(645,12,669,77,'2026-06-16','1½ Shift',1.5,2,750.00,1500.00,'2026-06-16 03:55:45','Female Helper'),(646,12,671,77,'2026-06-16','1½ Shift',1.5,6,1050.00,6300.00,'2026-06-16 03:56:04','Painter'),(647,12,674,77,'2026-06-16','1½ Shift',1.5,1,1200.00,1200.00,'2026-06-16 03:57:02','Driller'),(648,12,674,77,'2026-06-16','1 Shift',1.0,2,700.00,1400.00,'2026-06-16 03:57:12','Male Helper'),(649,12,669,74,'2026-06-16','1½ Shift',1.5,1,1200.00,1200.00,'2026-06-16 03:57:34','Mason'),(650,12,669,74,'2026-06-16','1½ Shift',1.5,1,750.00,750.00,'2026-06-16 03:57:37','Female Helper'),(651,12,671,74,'2026-06-16','1½ Shift',1.5,2,1050.00,2100.00,'2026-06-16 03:57:49','Male Helper'),(652,12,671,74,'2026-06-15','½ Shift',0.5,2,350.00,700.00,'2026-06-16 04:06:08','Painter'),(653,12,669,113,'2026-06-16','1½ Shift',1.5,2,1200.00,2400.00,'2026-06-16 04:09:27','Mason'),(655,12,669,113,'2026-06-16','1½ Shift',1.5,4,750.00,3000.00,'2026-06-16 04:12:06','Female Helper'),(662,12,671,77,'2026-06-17','1½ Shift',1.5,7,1050.00,7350.00,'2026-06-17 04:01:25','Painter'),(663,12,671,77,'2026-06-17','½ Shift',0.5,1,350.00,350.00,'2026-06-17 04:01:33','Painter'),(664,12,671,74,'2026-06-17','1 Shift',1.0,1,700.00,700.00,'2026-06-17 04:01:53','Painter'),(666,12,670,73,'2026-06-17','1½ Shift',1.5,2,1200.00,2400.00,'2026-06-17 04:04:31','Mason'),(667,12,670,73,'2026-06-17','1½ Shift',1.5,2,1050.00,2100.00,'2026-06-17 04:04:37','Male Helper'),(668,12,678,77,'2026-06-17','½ Shift',0.5,2,500.00,1000.00,'2026-06-17 04:04:55','Tiles Layer'),(669,12,669,77,'2026-06-17','1½ Shift',1.5,1,1200.00,1200.00,'2026-06-17 04:05:15','Mason'),(670,12,669,77,'2026-06-17','1½ Shift',1.5,1,750.00,750.00,'2026-06-17 04:05:18','Female Helper'),(671,12,674,77,'2026-06-17','1½ Shift',1.5,1,750.00,750.00,'2026-06-17 04:05:33','Female Helper'),(672,12,674,77,'2026-06-17','1½ Shift',1.5,1,1200.00,1200.00,'2026-06-17 04:05:37','Driller'),(673,12,669,113,'2026-06-17','1½ Shift',1.5,4,750.00,3000.00,'2026-06-17 04:08:42','Female Helper'),(674,12,669,113,'2026-06-17','1½ Shift',1.5,1,1050.00,1050.00,'2026-06-17 04:08:46','Male Helper'),(676,12,669,77,'2026-06-18','1½ Shift',1.5,1,1200.00,1200.00,'2026-06-18 04:34:55','Mason'),(679,12,678,77,'2026-06-18','1½ Shift',1.5,3,1500.00,4500.00,'2026-06-18 04:35:50','Tiles Layer'),(680,12,671,74,'2026-06-18','1½ Shift',1.5,2,1050.00,2100.00,'2026-06-18 04:36:09','Painter'),(681,12,669,113,'2026-06-18','1½ Shift',1.5,2,1200.00,2400.00,'2026-06-18 04:36:27','Mason'),(682,12,669,113,'2026-06-18','1½ Shift',1.5,4,750.00,3000.00,'2026-06-18 04:36:32','Female Helper'),(683,12,669,113,'2026-06-18','1½ Shift',1.5,1,1050.00,1050.00,'2026-06-18 04:36:39','Male Helper'),(684,12,669,77,'2026-06-18','1½ Shift',1.5,2,750.00,1500.00,'2026-06-18 04:40:31','Female Helper'),(685,12,669,74,'2026-06-16','½ Shift',0.5,3,250.00,750.00,'2026-06-18 04:45:18','Female Helper'),(686,12,670,73,'2026-06-16','1½ Shift',1.5,2,1200.00,2400.00,'2026-06-18 04:50:02','Mason'),(687,12,670,73,'2026-06-16','1½ Shift',1.5,1,750.00,750.00,'2026-06-18 04:50:09','Female Helper'),(688,12,670,73,'2026-06-16','1½ Shift',1.5,2,1050.00,2100.00,'2026-06-18 04:50:14','Male Helper'),(689,12,674,77,'2026-06-18','1 Shift',1.0,2,800.00,1600.00,'2026-06-18 05:31:31','Driller'),(690,12,670,73,'2026-06-18','1½ Shift',1.5,2,1200.00,2400.00,'2026-06-18 08:42:03','Mason'),(691,12,670,73,'2026-06-18','1½ Shift',1.5,1,750.00,750.00,'2026-06-18 08:42:09','Female Helper'),(692,12,670,73,'2026-06-18','1½ Shift',1.5,2,1050.00,2100.00,'2026-06-18 08:42:19','Male Helper'),(693,12,680,74,'2026-06-18','½ Shift',0.5,3,400.00,1200.00,'2026-06-18 09:35:42','Electrician'),(694,12,671,77,'2026-06-18','1½ Shift',1.5,5,1050.00,5250.00,'2026-06-18 09:36:12','Painter'),(695,12,671,77,'2026-06-18','1 Shift',1.0,1,700.00,700.00,'2026-06-18 09:36:19','Painter'),(696,12,669,77,'2026-06-19','1½ Shift',1.5,2,1200.00,2400.00,'2026-06-19 06:08:44','Mason'),(697,12,669,77,'2026-06-19','1½ Shift',1.5,4,750.00,3000.00,'2026-06-19 06:08:53','Female Helper'),(698,12,669,77,'2026-06-19','1½ Shift',1.5,1,1050.00,1050.00,'2026-06-19 06:09:03','Male Helper'),(699,12,674,77,'2026-06-19','1½ Shift',1.5,1,1050.00,1050.00,'2026-06-19 06:09:24','Male Helper'),(700,12,674,77,'2026-06-19','1½ Shift',1.5,1,750.00,750.00,'2026-06-19 06:09:30','Female Helper'),(702,12,669,113,'2026-06-19','1½ Shift',1.5,2,1200.00,2400.00,'2026-06-19 06:14:10','Mason'),(703,12,669,113,'2026-06-19','1½ Shift',1.5,4,750.00,3000.00,'2026-06-19 06:14:18','Female Helper'),(704,12,675,113,'2026-06-19','1½ Shift',1.5,1,1200.00,1200.00,'2026-06-19 06:15:03','CENTERING'),(705,12,671,77,'2026-06-19','1½ Shift',1.5,7,1050.00,7350.00,'2026-06-20 03:27:23','Painter'),(706,12,671,77,'2026-06-19','1 Shift',1.0,1,700.00,700.00,'2026-06-20 03:27:34','Painter'),(707,12,669,77,'2026-06-19','½ Shift',0.5,2,400.00,800.00,'2026-06-20 03:36:42','Mason'),(708,12,669,77,'2026-06-19','½ Shift',0.5,3,250.00,750.00,'2026-06-20 03:36:50','Female Helper'),(709,12,669,77,'2026-06-19','½ Shift',0.5,1,350.00,350.00,'2026-06-20 03:36:56','Male Helper'),(710,12,669,77,'2026-06-20','1½ Shift',1.5,2,1200.00,2400.00,'2026-06-20 03:37:23','Mason'),(711,12,669,77,'2026-06-20','1½ Shift',1.5,4,750.00,3000.00,'2026-06-20 03:37:28','Female Helper'),(712,12,669,77,'2026-06-20','1½ Shift',1.5,1,1050.00,1050.00,'2026-06-20 03:37:35','Male Helper'),(715,12,678,77,'2026-06-20','1½ Shift',1.5,5,1500.00,7500.00,'2026-06-20 03:44:37','Tiles Layer'),(716,12,678,77,'2026-06-19','1½ Shift',1.5,4,1500.00,6000.00,'2026-06-20 03:44:54','Tiles Layer'),(717,12,669,113,'2026-06-20','1½ Shift',1.5,2,1200.00,2400.00,'2026-06-20 03:48:50','Mason'),(718,12,669,113,'2026-06-20','1½ Shift',1.5,4,750.00,3000.00,'2026-06-20 03:48:57','Female Helper'),(719,12,670,73,'2026-06-20','1½ Shift',1.5,1,1200.00,1200.00,'2026-06-20 03:51:13','Mason'),(720,12,670,73,'2026-06-20','1½ Shift',1.5,1,1050.00,1050.00,'2026-06-20 03:51:17','Male Helper'),(721,12,670,73,'2026-06-19','1½ Shift',1.5,1,1200.00,1200.00,'2026-06-20 03:51:24','Mason'),(722,12,670,73,'2026-06-19','1½ Shift',1.5,1,1050.00,1050.00,'2026-06-20 03:51:30','Male Helper'),(723,12,671,74,'2026-06-20','1½ Shift',1.5,2,1050.00,2100.00,'2026-06-20 04:37:12','Painter'),(725,12,671,77,'2026-06-20','1½ Shift',1.5,4,1050.00,4200.00,'2026-06-20 04:37:31','Painter'),(726,12,671,77,'2026-06-20','½ Shift',0.5,1,350.00,350.00,'2026-06-20 04:37:50','Painter'),(727,12,671,74,'2026-06-20','1 Shift',1.0,1,700.00,700.00,'2026-06-20 04:38:45','Painter'),(728,12,671,81,'2026-06-20','1½ Shift',1.5,1,1050.00,1050.00,'2026-06-20 04:39:39','Painter'),(729,12,675,113,'2026-06-20','1½ Shift',1.5,2,1200.00,2400.00,'2026-06-20 05:02:32','CENTERING');
/*!40000 ALTER TABLE `attendance_records` ENABLE KEYS */;
UNLOCK TABLES;

--
-- Table structure for table `attendance_sheets`
--

DROP TABLE IF EXISTS `attendance_sheets`;
/*!40101 SET @saved_cs_client     = @@character_set_client */;
/*!50503 SET character_set_client = utf8mb4 */;
CREATE TABLE `attendance_sheets` (
  `id` int NOT NULL AUTO_INCREMENT,
  `Title` varchar(100) NOT NULL,
  `WeekStartDate` date NOT NULL,
  `WeekEndDate` date NOT NULL,
  `Status` varchar(20) DEFAULT 'Open',
  `SelectedPayeeIds` text,
  `SelectedSiteIds` text,
  `CreatedAt` datetime DEFAULT NULL,
  PRIMARY KEY (`id`)
) ENGINE=InnoDB AUTO_INCREMENT=13 DEFAULT CHARSET=utf8mb4 COLLATE=utf8mb4_0900_ai_ci;
/*!40101 SET character_set_client = @saved_cs_client */;

--
-- Dumping data for table `attendance_sheets`
--

LOCK TABLES `attendance_sheets` WRITE;
/*!40000 ALTER TABLE `attendance_sheets` DISABLE KEYS */;
INSERT INTO `attendance_sheets` VALUES (7,'23.05.2026','2026-05-23','2026-05-29','Open','[682,674,669,671,670]','[72,73,74,75,77,79,80,88,91,78,113]','2026-05-23 06:58:06'),(8,'31.05.2026','2026-05-24','2026-05-31','Open','[682,674,669,670,671,678,676,680,675,692]','[72,73,74,75,77,78,79,80,88,113]','2026-05-25 04:12:26'),(9,'06.06.2026','2026-05-30','2026-06-06','Open','[682,680,678,674,692,669,671,670,675]','[72,73,74,77,78,79,80,113,99]','2026-06-01 04:08:41'),(11,'7.6.2026-13.6.2026','2026-06-07','2026-06-13','Open','[682,680,678,674,675,669,671,670,689,688,692]','[73,74,77,80,113,99,72]','2026-06-09 04:26:52'),(12,'june 14.6.26 - 20.6.26 ','2026-06-14','2026-06-20','Open','[680,678,674,692,669,671,670,675]','[72,73,77,80,113,78,74,114,81]','2026-06-15 03:54:39');
/*!40000 ALTER TABLE `attendance_sheets` ENABLE KEYS */;
UNLOCK TABLES;

--
-- Table structure for table `clients`
--

DROP TABLE IF EXISTS `clients`;
/*!40101 SET @saved_cs_client     = @@character_set_client */;
/*!50503 SET character_set_client = utf8mb4 */;
CREATE TABLE `clients` (
  `Id` int NOT NULL AUTO_INCREMENT,
  `Name` varchar(100) NOT NULL,
  `MobileNumber` varchar(15) NOT NULL,
  `PaymentType` varchar(50) DEFAULT 'Cash',
  `CreatedAt` datetime DEFAULT NULL,
  PRIMARY KEY (`Id`),
  KEY `IX_clients_MobileNumber` (`MobileNumber`)
) ENGINE=InnoDB AUTO_INCREMENT=39 DEFAULT CHARSET=utf8mb4 COLLATE=utf8mb4_0900_ai_ci;
/*!40101 SET character_set_client = @saved_cs_client */;

--
-- Dumping data for table `clients`
--

LOCK TABLES `clients` WRITE;
/*!40000 ALTER TABLE `clients` DISABLE KEYS */;
INSERT INTO `clients` VALUES (2,'SANTHOSH ANNA','9500593004','Cash','2026-05-19 10:10:36'),(3,'KATHIRVEL ANNA','9843150615','Cash','2026-05-19 10:11:49'),(4,'SIVADEVAN','9786440270','Cash','2026-05-19 10:12:22'),(5,'KALKI ANNA','9894063433','Cash','2026-05-19 10:12:53'),(6,'THERASA SCHOOL SISTER ','8667897972','Cash','2026-05-19 10:17:18'),(7,'APR ANGALLAMMAN','9843056419','Cash','2026-05-19 10:17:42'),(8,'PRIYANKA - SASI','9952352809','Cash','2026-05-19 10:20:14'),(9,'DINESH','9585533946','Cash','2026-05-19 10:21:36'),(10,'PRASANA VENKATESH','9994152299','Cash','2026-05-19 10:22:14'),(11,'CHANDRASEKARAN','9943527744','Cash','2026-05-19 10:33:05'),(12,'MURUGAN DINESH CLIENT','88056412996','Cash','2026-05-19 10:41:04'),(13,'NIVETHA','0','Cash','2026-05-19 10:47:48'),(14,'UMAYAL','0','Cash','2026-05-19 10:48:13'),(15,'BOOBATHI (U.S)','0','Cash','2026-05-19 10:50:10'),(16,'RAMESH BABU','9843056240','Cash','2026-05-19 10:57:28'),(17,'NAVANEETHA KRISHNAN','0','Cash','2026-05-19 11:01:19'),(18,'AMARAVATHI COLLEGE','0','Cash','2026-05-19 11:01:40'),(19,'WALTS','0','Cash','2026-05-19 11:25:11'),(20,'SHATHIS','0','Cash','2026-05-19 11:26:50'),(21,'KANNAN','0','Cash','2026-05-19 11:29:21'),(22,'CHRISTOPHER','0','Cash','2026-05-19 11:30:18'),(23,'CRISTOPHER DAD','0','Cash','2026-05-19 11:30:47'),(24,'RAJKUMAR','0','Cash','2026-05-19 11:32:18'),(25,'JEEVA','0','Cash','2026-05-19 11:33:14'),(26,'KARIKALAN','0','Cash','2026-05-19 11:33:52'),(27,'ARAVINTH','0','Cash','2026-05-19 11:34:31'),(28,'SRI NIVASAN','0','Cash','2026-05-19 11:38:02'),(29,'BASKAR MKCE','0','Cash','2026-05-19 11:38:44'),(30,'POOJA','0','Cash','2026-05-19 11:39:49'),(31,'Dr. DURAIRAJ','0','Cash','2026-05-19 11:41:23'),(32,'SARAVANAN AVANTIKA','0','Cash','2026-05-19 11:42:14'),(33,'BALU THALAIVAR','0','Cash','2026-05-19 11:42:57'),(34,'RENOLD HR','0','Cash','2026-05-19 11:43:41'),(35,'ARUN SUBRA TEX','0','Cash','2026-05-19 11:44:15'),(36,'ALLAUDDIN BHAI','0','Cash','2026-05-19 11:46:10'),(37,'ANUBAV SURESH','0','Cash','2026-05-19 11:47:45'),(38,'KANNAN SALAPATTI','0','Cash','2026-05-19 11:53:01');
/*!40000 ALTER TABLE `clients` ENABLE KEYS */;
UNLOCK TABLES;

--
-- Table structure for table `labours`
--

DROP TABLE IF EXISTS `labours`;
/*!40101 SET @saved_cs_client     = @@character_set_client */;
/*!50503 SET character_set_client = utf8mb4 */;
CREATE TABLE `labours` (
  `Id` int NOT NULL AUTO_INCREMENT,
  `Name` varchar(100) NOT NULL,
  `MobileNo` varchar(15) NOT NULL,
  `AccountNo` varchar(30) DEFAULT '',
  `LabourType` varchar(50) NOT NULL,
  `CreatedAt` datetime DEFAULT NULL,
  `PayeeId` int DEFAULT NULL,
  PRIMARY KEY (`Id`),
  KEY `IX_labours_LabourType` (`LabourType`)
) ENGINE=InnoDB AUTO_INCREMENT=483 DEFAULT CHARSET=utf8mb4 COLLATE=utf8mb4_0900_ai_ci;
/*!40101 SET character_set_client = @saved_cs_client */;

--
-- Dumping data for table `labours`
--

LOCK TABLES `labours` WRITE;
/*!40000 ALTER TABLE `labours` DISABLE KEYS */;
INSERT INTO `labours` VALUES (459,'SARATHY','','','Mason','2026-05-19 11:56:44',669),(460,'VELMURUGAN','','','Mason','2026-05-19 11:57:09',670),(461,'SEKAR','','','Painter','2026-05-19 11:57:41',671),(462,'BASKAR','','','Painter','2026-05-19 11:57:50',672),(463,'KANNAN','','','Electrician','2026-05-19 11:58:00',673),(464,'PALANISAMY','','','RR Work','2026-05-19 11:59:53',674),(465,'RAJINI','','','Sentring','2026-05-19 12:00:03',675),(467,'VEERAMANI','','','Carpenter','2026-05-19 12:00:50',677),(468,'MANIKANDAN','','','Tiles','2026-05-19 12:01:04',678),(469,'KANNAN','','','Plumbing','2026-05-19 12:01:42',679),(470,'LAKSMI ELE','','','Electrician','2026-05-19 12:03:16',680),(471,'KARTHI','','','Tiles','2026-05-19 12:04:14',681),(472,'AJITH','','','Mason','2026-05-19 12:04:23',682),(473,'RAVI KUMAR','','','Mason','2026-05-19 12:04:31',683),(474,'MUNISAN','','','Electrician','2026-05-19 12:04:45',684),(475,'MUNISAN','','','Plumbing','2026-05-19 12:05:53',685),(476,'MUNIAPPAN','','','Sentring','2026-05-19 12:06:27',686),(477,'MURGAN DHANALAKSHMI VAN','','','Other','2026-05-19 12:08:23',687),(478,'VVS','','','Drill & Core cutting','2026-05-19 12:08:50',688),(479,'KABIR BRAKER','','','Other','2026-05-19 12:09:56',689),(480,'RAMESH','','','Grill','2026-05-19 12:10:06',690),(481,'SCAFFOLDING','','','Other','2026-05-19 12:41:28',691),(482,'RAMAKRISHNAN','','','Carpenter','2026-05-30 14:44:02',692);
/*!40000 ALTER TABLE `labours` ENABLE KEYS */;
UNLOCK TABLES;

--
-- Table structure for table `master_settings`
--

DROP TABLE IF EXISTS `master_settings`;
/*!40101 SET @saved_cs_client     = @@character_set_client */;
/*!50503 SET character_set_client = utf8mb4 */;
CREATE TABLE `master_settings` (
  `Id` int NOT NULL AUTO_INCREMENT,
  `SettingKey` varchar(100) NOT NULL,
  `SettingValue` varchar(255) NOT NULL DEFAULT '',
  `UpdatedAt` datetime DEFAULT CURRENT_TIMESTAMP ON UPDATE CURRENT_TIMESTAMP,
  PRIMARY KEY (`Id`),
  UNIQUE KEY `SettingKey` (`SettingKey`)
) ENGINE=InnoDB AUTO_INCREMENT=116 DEFAULT CHARSET=utf8mb4 COLLATE=utf8mb4_0900_ai_ci;
/*!40101 SET character_set_client = @saved_cs_client */;

--
-- Dumping data for table `master_settings`
--

LOCK TABLES `master_settings` WRITE;
/*!40000 ALTER TABLE `master_settings` DISABLE KEYS */;
INSERT INTO `master_settings` VALUES (1,'TeaExpense','30','2026-06-06 04:18:03'),(2,'BusExpense','20','2026-06-06 04:18:03');
/*!40000 ALTER TABLE `master_settings` ENABLE KEYS */;
UNLOCK TABLES;

--
-- Table structure for table `material_types`
--

DROP TABLE IF EXISTS `material_types`;
/*!40101 SET @saved_cs_client     = @@character_set_client */;
/*!50503 SET character_set_client = utf8mb4 */;
CREATE TABLE `material_types` (
  `Id` int NOT NULL AUTO_INCREMENT,
  `Name` varchar(100) NOT NULL,
  `IsActive` tinyint(1) NOT NULL DEFAULT '1',
  `SortOrder` int NOT NULL DEFAULT '0',
  `CreatedAt` datetime DEFAULT NULL,
  `Price` decimal(18,2) NOT NULL DEFAULT '0.00',
  `DefaultUnit` varchar(50) DEFAULT 'nos',
  PRIMARY KEY (`Id`),
  UNIQUE KEY `Name` (`Name`)
) ENGINE=InnoDB AUTO_INCREMENT=17 DEFAULT CHARSET=utf8mb4 COLLATE=utf8mb4_0900_ai_ci;
/*!40101 SET character_set_client = @saved_cs_client */;

--
-- Dumping data for table `material_types`
--

LOCK TABLES `material_types` WRITE;
/*!40000 ALTER TABLE `material_types` DISABLE KEYS */;
INSERT INTO `material_types` VALUES (1,'JSW- Cement',1,1,'2026-05-19 17:12:35',350.00,'nos'),(2,'M Sand',1,2,'2026-05-19 17:12:35',6500.00,'unit'),(3,'Steel',1,3,'2026-05-19 17:12:35',0.00,'nos'),(4,'Bricks',1,4,'2026-05-19 17:12:35',0.00,'nos'),(5,'CHIPS',1,5,'2026-05-19 17:12:35',3800.00,'nos'),(6,'Tiles',1,6,'2026-05-19 17:12:35',1131.00,'nos'),(7,'Paint',1,7,'2026-05-19 17:12:35',0.00,'nos'),(8,'Electrical',1,8,'2026-05-19 17:12:35',0.00,'nos'),(9,'Plumbing',1,9,'2026-05-19 17:12:35',0.00,'nos'),(10,'Wood',1,10,'2026-05-19 17:12:35',0.00,'nos'),(11,'Hardware',1,11,'2026-05-19 17:12:35',0.00,'nos'),(12,'Other',1,12,'2026-05-19 17:12:35',0.00,'nos'),(13,'P SAND',1,13,'2026-06-06 04:39:51',5000.00,'unit'),(14,'DOOR',1,14,'2026-06-06 11:27:22',1305.08,'nos'),(15,'1.5 CHIPS',1,15,'2026-06-09 06:53:03',0.00,'nos'),(16,'PVC DOOR',1,16,'2026-06-13 07:44:17',3900.00,'nos');
/*!40000 ALTER TABLE `material_types` ENABLE KEYS */;
UNLOCK TABLES;

--
-- Table structure for table `materials`
--

DROP TABLE IF EXISTS `materials`;
/*!40101 SET @saved_cs_client     = @@character_set_client */;
/*!50503 SET character_set_client = utf8mb4 */;
CREATE TABLE `materials` (
  `Id` int NOT NULL AUTO_INCREMENT,
  `Name` varchar(100) NOT NULL,
  `CreatedAt` datetime DEFAULT NULL,
  `DealerName` varchar(100) DEFAULT '',
  `MobileNo` varchar(15) DEFAULT '',
  `AccountNo` varchar(30) DEFAULT '',
  `MaterialTypeId` int DEFAULT NULL,
  PRIMARY KEY (`Id`)
) ENGINE=InnoDB AUTO_INCREMENT=35 DEFAULT CHARSET=utf8mb4 COLLATE=utf8mb4_0900_ai_ci;
/*!40101 SET character_set_client = @saved_cs_client */;

--
-- Dumping data for table `materials`
--

LOCK TABLES `materials` WRITE;
/*!40000 ALTER TABLE `materials` DISABLE KEYS */;
INSERT INTO `materials` VALUES (18,'SANTHANADURAI','2026-05-23 12:43:00','','','',2),(20,'KANNAN','2026-05-23 12:51:42','','','',8),(21,'DHANALAKSHIMI','2026-05-24 13:49:29','','','',6),(23,'GANAPATHY','2026-05-24 13:50:13','','','',3),(24,'BANGLORE TILES','2026-05-24 13:50:36','','','',6),(25,'SRI RAM','2026-05-24 13:51:05','','','',10),(26,'MANIKANDAN','2026-05-24 13:51:18','','','',6),(27,'YOGA PAINT','2026-05-24 13:51:34','','','',7),(28,'SELVA MURUGAN ELECTRICALS','2026-05-24 13:51:57','','','',8),(29,'RV BRICKS','2026-05-24 13:52:14','','','',4),(30,'REDIMIX','2026-05-24 13:52:39','','','',12),(31,'HOB','2026-05-25 04:28:04','','','',8),(32,'ARUPADAIYAN BUILDING MATERIALS','2026-05-25 04:29:14','KARTHI MSAND','','',2),(34,'KRISHNA PLY WOODS','2026-06-06 12:58:49','MAGESHWARI','','',14);
/*!40000 ALTER TABLE `materials` ENABLE KEYS */;
UNLOCK TABLES;

--
-- Table structure for table `payees`
--

DROP TABLE IF EXISTS `payees`;
/*!40101 SET @saved_cs_client     = @@character_set_client */;
/*!50503 SET character_set_client = utf8mb4 */;
CREATE TABLE `payees` (
  `id` int NOT NULL AUTO_INCREMENT,
  `Name` varchar(100) NOT NULL,
  `Type` varchar(30) NOT NULL DEFAULT 'Labour',
  `MobileNo` varchar(15) DEFAULT '',
  `AccountNo` varchar(30) DEFAULT '',
  `Notes` varchar(500) DEFAULT NULL,
  `CreatedAt` datetime DEFAULT NULL,
  PRIMARY KEY (`id`)
) ENGINE=InnoDB AUTO_INCREMENT=693 DEFAULT CHARSET=utf8mb4 COLLATE=utf8mb4_0900_ai_ci;
/*!40101 SET character_set_client = @saved_cs_client */;

--
-- Dumping data for table `payees`
--

LOCK TABLES `payees` WRITE;
/*!40000 ALTER TABLE `payees` DISABLE KEYS */;
INSERT INTO `payees` VALUES (669,'SARATHY','Labour','','','Linked to Labour: Mason','2026-05-19 11:56:44'),(670,'VELMURUGAN','Labour','','','Linked to Labour: Mason','2026-05-19 11:57:09'),(671,'SEKAR','Labour','','','Linked to Labour: Painter','2026-05-19 11:57:41'),(672,'BASKAR','Labour','','','Linked to Labour: Painter','2026-05-19 11:57:50'),(673,'KANNAN','Labour','','','Linked to Labour: Electrician','2026-05-19 11:58:00'),(674,'PALANISAMY','Labour','','','Linked to Labour: RR Work','2026-05-19 11:59:53'),(675,'RAJINI','Labour','','','Linked to Labour: Sentring','2026-05-19 12:00:03'),(677,'VEERAMANI','Labour','','','Linked to Labour: Carpenter','2026-05-19 12:00:50'),(678,'MANIKANDAN','Labour','','','Linked to Labour: Tiles','2026-05-19 12:01:04'),(679,'KANNAN','Labour','','','Linked to Labour: Plumbing','2026-05-19 12:01:42'),(680,'LAKSMI ELE','Labour','','','Linked to Labour: Electrician','2026-05-19 12:03:16'),(681,'KARTHI','Labour','','','Linked to Labour: Tiles','2026-05-19 12:04:14'),(682,'AJITH','Labour','','','Linked to Labour: Mason','2026-05-19 12:04:23'),(683,'RAVI KUMAR','Labour','','','Linked to Labour: Mason','2026-05-19 12:04:31'),(684,'MUNISAN','Labour','','','Linked to Labour: Electrician','2026-05-19 12:04:45'),(685,'MUNISAN','Labour','','','Linked to Labour: Plumbing','2026-05-19 12:05:53'),(686,'MUNIAPPAN','Labour','','','Linked to Labour: Sentring','2026-05-19 12:06:27'),(687,'MURGAN DHANALAKSHMI VAN','Labour','','','Linked to Labour: Other','2026-05-19 12:08:23'),(688,'VVS','Labour','','','Linked to Labour: Drill & Core cutting','2026-05-19 12:08:50'),(689,'KABIR BRAKER','Labour','','','Linked to Labour: Other','2026-05-19 12:09:55'),(690,'RAMESH','Labour','','','Linked to Labour: Grill','2026-05-19 12:10:06'),(691,'SCAFFOLDING','Labour','','','Linked to Labour: Other','2026-05-19 12:41:28'),(692,'RAMAKRISHNAN','Labour','','','Linked to Labour: Carpenter','2026-05-30 14:44:02');
/*!40000 ALTER TABLE `payees` ENABLE KEYS */;
UNLOCK TABLES;

--
-- Table structure for table `payments`
--

DROP TABLE IF EXISTS `payments`;
/*!40101 SET @saved_cs_client     = @@character_set_client */;
/*!50503 SET character_set_client = utf8mb4 */;
CREATE TABLE `payments` (
  `Id` int NOT NULL AUTO_INCREMENT,
  `PaymentCategory` varchar(20) CHARACTER SET utf8mb4 COLLATE utf8mb4_0900_ai_ci NOT NULL,
  `SiteId` int NOT NULL,
  `LabourId` int DEFAULT NULL,
  `MaterialId` int DEFAULT NULL,
  `Amount` decimal(18,2) NOT NULL,
  `PaymentMode` varchar(30) CHARACTER SET utf8mb4 COLLATE utf8mb4_0900_ai_ci NOT NULL,
  `Notes` varchar(500) CHARACTER SET utf8mb4 COLLATE utf8mb4_0900_ai_ci DEFAULT NULL,
  `PaymentDate` datetime(6) NOT NULL,
  `CreatedAt` datetime(6) NOT NULL,
  `PayeeId` int DEFAULT NULL,
  PRIMARY KEY (`Id`),
  KEY `IX_payments_LabourId` (`LabourId`),
  KEY `IX_payments_MaterialId` (`MaterialId`),
  KEY `IX_payments_PaymentCategory` (`PaymentCategory`),
  KEY `IX_payments_PaymentDate` (`PaymentDate`),
  KEY `IX_payments_SiteId` (`SiteId`),
  CONSTRAINT `FK_payments_labours_LabourId` FOREIGN KEY (`LabourId`) REFERENCES `labours` (`Id`) ON DELETE SET NULL,
  CONSTRAINT `FK_payments_materials_MaterialId` FOREIGN KEY (`MaterialId`) REFERENCES `materials` (`Id`) ON DELETE SET NULL,
  CONSTRAINT `FK_payments_sites_SiteId` FOREIGN KEY (`SiteId`) REFERENCES `sites` (`Id`) ON DELETE RESTRICT
) ENGINE=InnoDB AUTO_INCREMENT=3772 DEFAULT CHARSET=utf8mb4 COLLATE=utf8mb4_0900_ai_ci;
/*!40101 SET character_set_client = @saved_cs_client */;

--
-- Dumping data for table `payments`
--

LOCK TABLES `payments` WRITE;
/*!40000 ALTER TABLE `payments` DISABLE KEYS */;
INSERT INTO `payments` VALUES (3771,'Labour',74,NULL,NULL,2600.00,'Cash','Partial payment - SEKAR','2026-05-26 00:00:00.000000','2026-05-26 06:38:14.000000',671);
/*!40000 ALTER TABLE `payments` ENABLE KEYS */;
UNLOCK TABLES;

--
-- Table structure for table `person_types`
--

DROP TABLE IF EXISTS `person_types`;
/*!40101 SET @saved_cs_client     = @@character_set_client */;
/*!50503 SET character_set_client = utf8mb4 */;
CREATE TABLE `person_types` (
  `Id` int NOT NULL AUTO_INCREMENT,
  `Name` varchar(50) NOT NULL,
  `IsActive` tinyint(1) NOT NULL DEFAULT '1',
  `SortOrder` int NOT NULL DEFAULT '0',
  `CreatedAt` datetime DEFAULT CURRENT_TIMESTAMP,
  `DailyRate` decimal(18,2) NOT NULL DEFAULT '0.00',
  PRIMARY KEY (`Id`),
  UNIQUE KEY `Name` (`Name`)
) ENGINE=InnoDB AUTO_INCREMENT=11 DEFAULT CHARSET=utf8mb4 COLLATE=utf8mb4_0900_ai_ci;
/*!40101 SET character_set_client = @saved_cs_client */;

--
-- Dumping data for table `person_types`
--

LOCK TABLES `person_types` WRITE;
/*!40000 ALTER TABLE `person_types` DISABLE KEYS */;
INSERT INTO `person_types` VALUES (1,'Mason',1,1,'2026-05-19 16:44:20',800.00),(2,'Female Helper',1,2,'2026-05-19 16:44:20',500.00),(3,'Male Helper',1,3,'2026-05-19 16:44:20',700.00),(4,'Painter',1,4,'2026-05-19 16:44:20',700.00),(5,'Tiles Layer',1,5,'2026-05-19 16:44:20',1000.00),(6,'Carpenter',1,6,'2026-05-19 16:44:20',800.00),(7,'Driller',1,7,'2026-05-19 16:44:20',800.00),(8,'Plumber',1,8,'2026-05-19 16:44:20',800.00),(9,'Electrician',1,9,'2026-05-19 16:44:20',800.00),(10,'CENTERING',1,10,'2026-05-30 05:39:44',800.00);
/*!40000 ALTER TABLE `person_types` ENABLE KEYS */;
UNLOCK TABLES;

--
-- Table structure for table `personal_expenses`
--

DROP TABLE IF EXISTS `personal_expenses`;
/*!40101 SET @saved_cs_client     = @@character_set_client */;
/*!50503 SET character_set_client = utf8mb4 */;
CREATE TABLE `personal_expenses` (
  `Id` int NOT NULL AUTO_INCREMENT,
  `Description` varchar(255) NOT NULL,
  `Amount` decimal(18,2) NOT NULL DEFAULT '0.00',
  `ExpenseDate` date NOT NULL,
  `Category` varchar(100) NOT NULL,
  `Notes` varchar(500) DEFAULT NULL,
  `CreatedAt` datetime DEFAULT CURRENT_TIMESTAMP,
  PRIMARY KEY (`Id`)
) ENGINE=InnoDB DEFAULT CHARSET=utf8mb4 COLLATE=utf8mb4_0900_ai_ci;
/*!40101 SET character_set_client = @saved_cs_client */;

--
-- Dumping data for table `personal_expenses`
--

LOCK TABLES `personal_expenses` WRITE;
/*!40000 ALTER TABLE `personal_expenses` DISABLE KEYS */;
/*!40000 ALTER TABLE `personal_expenses` ENABLE KEYS */;
UNLOCK TABLES;

--
-- Table structure for table `petty_cash_transactions`
--

DROP TABLE IF EXISTS `petty_cash_transactions`;
/*!40101 SET @saved_cs_client     = @@character_set_client */;
/*!50503 SET character_set_client = utf8mb4 */;
CREATE TABLE `petty_cash_transactions` (
  `Id` int NOT NULL AUTO_INCREMENT,
  `WeeklyPaySheetId` int DEFAULT NULL,
  `WeekDate` date DEFAULT NULL,
  `TotalIncome` decimal(18,2) NOT NULL DEFAULT '0.00',
  `TotalExpense` decimal(18,2) NOT NULL DEFAULT '0.00',
  `ExtraPayments` decimal(18,2) NOT NULL DEFAULT '0.00',
  `ProfitAmount` decimal(18,2) NOT NULL DEFAULT '0.00',
  `RunningBalance` decimal(18,2) NOT NULL DEFAULT '0.00',
  `CreatedAt` datetime DEFAULT CURRENT_TIMESTAMP,
  PRIMARY KEY (`Id`),
  KEY `IX_WeeklyPaySheetId` (`WeeklyPaySheetId`),
  CONSTRAINT `FK_PettyCash_WeeklyPaySheet` FOREIGN KEY (`WeeklyPaySheetId`) REFERENCES `weekly_pay_sheets` (`id`) ON DELETE SET NULL ON UPDATE CASCADE
) ENGINE=InnoDB DEFAULT CHARSET=utf8mb4 COLLATE=utf8mb4_0900_ai_ci;
/*!40101 SET character_set_client = @saved_cs_client */;

--
-- Dumping data for table `petty_cash_transactions`
--

LOCK TABLES `petty_cash_transactions` WRITE;
/*!40000 ALTER TABLE `petty_cash_transactions` DISABLE KEYS */;
/*!40000 ALTER TABLE `petty_cash_transactions` ENABLE KEYS */;
UNLOCK TABLES;

--
-- Table structure for table `shift_masters`
--

DROP TABLE IF EXISTS `shift_masters`;
/*!40101 SET @saved_cs_client     = @@character_set_client */;
/*!50503 SET character_set_client = utf8mb4 */;
CREATE TABLE `shift_masters` (
  `id` int NOT NULL AUTO_INCREMENT,
  `ShiftType` varchar(30) NOT NULL,
  `ShiftMultiplier` decimal(3,1) NOT NULL,
  `Rate` decimal(18,2) NOT NULL DEFAULT '0.00',
  `CreatedAt` datetime DEFAULT NULL,
  PRIMARY KEY (`id`)
) ENGINE=InnoDB AUTO_INCREMENT=19 DEFAULT CHARSET=utf8mb4 COLLATE=utf8mb4_0900_ai_ci;
/*!40101 SET character_set_client = @saved_cs_client */;

--
-- Dumping data for table `shift_masters`
--

LOCK TABLES `shift_masters` WRITE;
/*!40000 ALTER TABLE `shift_masters` DISABLE KEYS */;
INSERT INTO `shift_masters` VALUES (13,'½ Shift',0.5,0.00,'2026-05-19 12:14:18'),(14,'1 Shift',1.0,0.00,'2026-05-19 12:14:18'),(15,'1½ Shift',1.5,0.00,'2026-05-19 12:14:18'),(16,'2 Shift',2.0,0.00,'2026-05-19 12:14:18'),(17,'2½ Shift',2.5,0.00,'2026-05-19 12:14:18'),(18,'3 Shift',3.0,0.00,'2026-05-19 12:14:18');
/*!40000 ALTER TABLE `shift_masters` ENABLE KEYS */;
UNLOCK TABLES;

--
-- Table structure for table `site_materials`
--

DROP TABLE IF EXISTS `site_materials`;
/*!40101 SET @saved_cs_client     = @@character_set_client */;
/*!50503 SET character_set_client = utf8mb4 */;
CREATE TABLE `site_materials` (
  `Id` int NOT NULL AUTO_INCREMENT,
  `SiteId` int NOT NULL,
  `MaterialId` int NOT NULL,
  `Quantity` decimal(18,2) NOT NULL,
  `Unit` varchar(30) NOT NULL,
  `PurchaseDate` datetime DEFAULT NULL,
  `Amount` decimal(18,2) NOT NULL DEFAULT '0.00',
  `Discount` decimal(18,2) NOT NULL DEFAULT '0.00',
  `DealerName` varchar(100) DEFAULT '',
  PRIMARY KEY (`Id`),
  KEY `IX_site_materials_MaterialId` (`MaterialId`),
  KEY `IX_site_materials_SiteId` (`SiteId`),
  CONSTRAINT `fk_site_materials_material_type` FOREIGN KEY (`MaterialId`) REFERENCES `material_types` (`Id`) ON DELETE CASCADE ON UPDATE CASCADE,
  CONSTRAINT `site_materials_ibfk_5` FOREIGN KEY (`SiteId`) REFERENCES `sites` (`Id`) ON DELETE CASCADE ON UPDATE CASCADE
) ENGINE=InnoDB AUTO_INCREMENT=947 DEFAULT CHARSET=utf8mb4 COLLATE=utf8mb4_0900_ai_ci;
/*!40101 SET character_set_client = @saved_cs_client */;

--
-- Dumping data for table `site_materials`
--

LOCK TABLES `site_materials` WRITE;
/*!40000 ALTER TABLE `site_materials` DISABLE KEYS */;
INSERT INTO `site_materials` VALUES (899,77,1,50.00,'nos','2026-06-05 00:00:00',17500.00,0.00,'cement '),(900,113,1,50.00,'nos','2026-06-09 00:00:00',17500.00,0.00,'cement '),(901,74,12,2.00,'nos','2026-06-08 00:00:00',180.00,0.00,'BROOM'),(902,74,5,1.00,'unit','2026-05-06 00:00:00',3800.00,0.00,'karthi msand'),(903,74,2,1.50,'unit','2026-05-06 00:00:00',9750.00,0.00,'karthi msand'),(904,73,13,2.00,'unit','2026-05-07 00:00:00',10600.00,0.00,'karthi msand'),(905,112,2,2.00,'unit','2026-05-08 00:00:00',8300.00,0.00,'karthi msand'),(906,109,5,1.50,'unit','2026-06-09 00:00:00',5400.00,0.00,'karthi msand'),(907,77,2,1.00,'unit','2026-05-23 00:00:00',4600.00,0.00,'karthi msand'),(908,75,13,2.00,'unit','2026-05-11 00:00:00',10400.00,0.00,'karthi msand'),(909,77,2,2.00,'unit','2026-05-16 00:00:00',8200.00,0.00,'karthi msand'),(910,109,15,1.50,'nos','2024-11-30 00:00:00',5400.00,0.00,'karthi msand'),(911,109,2,2.00,'unit','2024-11-30 00:00:00',8400.00,0.00,'BROOM'),(912,83,15,1.00,'unit','2024-12-16 00:00:00',4700.00,0.00,'karthi msand'),(913,82,13,2.00,'unit','2025-02-26 00:00:00',11500.00,0.00,'karthi msand'),(914,77,13,2.00,'unit','2025-07-05 00:00:00',11000.00,0.00,'karthi msand'),(915,77,13,1.00,'unit','2025-11-27 00:00:00',6000.00,0.00,'karthi msand'),(916,77,2,1.00,'unit','2025-11-28 00:00:00',5000.00,0.00,'karthi msand'),(917,112,13,1.00,'unit','2025-11-30 00:00:00',6000.00,0.00,'karthi msand'),(918,112,2,2.00,'unit','2025-11-05 00:00:00',8800.00,0.00,'karthi msand'),(919,93,2,2.00,'unit','2026-05-30 00:00:00',8200.00,0.00,'karthi msand'),(920,83,2,2.00,'unit','2026-05-31 00:00:00',8300.00,0.00,'karthi msand'),(921,83,13,2.00,'unit','2026-05-31 00:00:00',10600.00,0.00,'karthi msand'),(923,77,7,2.00,'litr','2026-06-10 00:00:00',4113.00,0.00,'ABI'),(924,73,16,5.00,'nos','2026-06-13 00:00:00',19500.00,0.00,'DURAI'),(926,113,1,50.00,'nos','2026-06-13 00:00:00',17500.00,0.00,'cement '),(927,73,1,30.00,'nos','2026-06-13 00:00:00',10500.00,0.00,'cement '),(928,112,8,1.00,'bill','2026-06-06 00:00:00',13242.00,0.00,'KRISHNA'),(929,77,5,2.00,'unit','2026-05-13 00:00:00',7600.00,0.00,'karthi msand'),(930,77,4,1000.00,'nos','2026-05-14 00:00:00',0.00,0.00,'brick'),(931,113,6,2.00,'nos','2026-05-11 00:00:00',2262.00,0.00,'tiles'),(932,73,4,1000.00,'nos','2026-05-14 00:00:00',0.00,0.00,'brick'),(933,75,1,20.00,'nos','2026-05-11 00:00:00',7000.00,0.00,'cement '),(934,73,13,2.00,'unit','2026-05-11 00:00:00',10000.00,0.00,'karthi msand'),(935,77,12,2.00,'nos','2026-05-23 00:00:00',0.00,0.00,'palanisamy waste'),(936,113,2,4.00,'unit','2026-05-21 00:00:00',26000.00,0.00,'karthi msand'),(937,79,12,1.00,'nos','2026-05-20 00:00:00',800.00,0.00,'van charge'),(938,88,1,100.00,'nos','2026-05-20 00:00:00',35000.00,0.00,'cement '),(939,88,13,1.00,'unit','2026-05-20 00:00:00',5000.00,0.00,'karthi msand'),(940,88,12,1.00,'nos','2026-05-20 00:00:00',100.00,0.00,'van charge'),(941,113,1,50.00,'nos','2026-05-23 00:00:00',17500.00,0.00,'cement '),(942,113,14,6.00,'nos','2026-05-28 00:00:00',0.00,0.00,'KRISHNA'),(943,77,1,50.00,'nos','2026-06-05 00:00:00',17500.00,0.00,'cement '),(944,74,7,2.00,'nos','2026-10-06 00:00:00',4113.00,0.00,'paint'),(945,113,1,50.00,'nos','2026-06-09 00:00:00',17500.00,0.00,'cement '),(946,73,1,30.00,'nos','2026-09-06 00:00:00',10500.00,0.00,'cement ');
/*!40000 ALTER TABLE `site_materials` ENABLE KEYS */;
UNLOCK TABLES;

--
-- Table structure for table `site_work_values`
--

DROP TABLE IF EXISTS `site_work_values`;
/*!40101 SET @saved_cs_client     = @@character_set_client */;
/*!50503 SET character_set_client = utf8mb4 */;
CREATE TABLE `site_work_values` (
  `id` int NOT NULL AUTO_INCREMENT,
  `SiteId` int NOT NULL,
  `WorkName` varchar(150) NOT NULL,
  `Value` decimal(18,2) NOT NULL DEFAULT '0.00',
  `CreatedAt` datetime DEFAULT NULL,
  PRIMARY KEY (`id`),
  KEY `SiteId` (`SiteId`),
  CONSTRAINT `site_work_values_ibfk_1` FOREIGN KEY (`SiteId`) REFERENCES `sites` (`Id`) ON DELETE CASCADE ON UPDATE CASCADE
) ENGINE=InnoDB AUTO_INCREMENT=8 DEFAULT CHARSET=utf8mb4 COLLATE=utf8mb4_0900_ai_ci;
/*!40101 SET character_set_client = @saved_cs_client */;

--
-- Dumping data for table `site_work_values`
--

LOCK TABLES `site_work_values` WRITE;
/*!40000 ALTER TABLE `site_work_values` DISABLE KEYS */;
/*!40000 ALTER TABLE `site_work_values` ENABLE KEYS */;
UNLOCK TABLES;

--
-- Table structure for table `sites`
--

DROP TABLE IF EXISTS `sites`;
/*!40101 SET @saved_cs_client     = @@character_set_client */;
/*!50503 SET character_set_client = utf8mb4 */;
CREATE TABLE `sites` (
  `Id` int NOT NULL AUTO_INCREMENT,
  `SiteName` varchar(150) NOT NULL,
  `ClientId` int NOT NULL,
  `SiteValue` decimal(18,2) NOT NULL,
  `Length` decimal(10,2) NOT NULL,
  `Breadth` decimal(10,2) NOT NULL,
  `Facing` varchar(10) DEFAULT '',
  `Status` varchar(20) DEFAULT 'Upcoming',
  `CreatedAt` datetime DEFAULT NULL,
  `Progress` decimal(5,2) DEFAULT '0.00',
  `NextMilestone` varchar(255) DEFAULT '',
  PRIMARY KEY (`Id`),
  KEY `IX_sites_ClientId` (`ClientId`),
  KEY `IX_sites_Status` (`Status`),
  CONSTRAINT `sites_ibfk_1` FOREIGN KEY (`ClientId`) REFERENCES `clients` (`Id`) ON DELETE CASCADE ON UPDATE CASCADE
) ENGINE=InnoDB AUTO_INCREMENT=115 DEFAULT CHARSET=utf8mb4 COLLATE=utf8mb4_0900_ai_ci;
/*!40101 SET character_set_client = @saved_cs_client */;

--
-- Dumping data for table `sites`
--

LOCK TABLES `sites` WRITE;
/*!40000 ALTER TABLE `sites` DISABLE KEYS */;
INSERT INTO `sites` VALUES (72,'KOLLIHILLS MAIN BUILDING',3,10000000.00,52.00,36.25,'SOUTH','In Progress','2026-05-19 10:25:32',0.00,''),(73,'MANMANGALLAM SIVADEVAN',4,0.00,0.00,0.00,'','In Progress','2026-05-19 10:28:43',0.00,''),(74,'ANGALLAMMAN CAR SHED',7,3756800.00,101.00,45.00,'','In Progress','2026-05-19 10:30:08',0.00,''),(75,'THERASA SCHOOL ',6,0.00,0.00,0.00,'','In Progress','2026-05-19 10:30:45',0.00,''),(76,'KARUPOOR KOVIL VEEDU',11,410000.00,0.00,0.00,'','In Progress','2026-05-19 10:33:33',0.00,''),(77,'RAMANUJAM NAGAR DR.SITE',2,0.00,0.00,0.00,'','In Progress','2026-05-19 10:34:07',0.00,''),(78,'ANGALLAMMAN HOME',7,0.00,0.00,0.00,'','In Progress','2026-05-19 10:35:01',0.00,''),(79,'TEX CHOICE',9,0.00,0.00,0.00,'','In Progress','2026-05-19 10:35:38',0.00,''),(80,'T.MALAI MURUGAN ',12,0.00,0.00,0.00,'','In Progress','2026-05-19 10:44:04',0.00,''),(81,'VENNAMALAI',15,0.00,0.00,0.00,'','Completed','2026-05-19 10:51:01',0.00,''),(82,'VENGAKAL PATTY',13,0.00,0.00,0.00,'','Completed','2026-05-19 10:52:56',0.00,''),(83,'GANDHIGRAMAM',14,0.00,0.00,0.00,'','Completed','2026-05-19 10:53:18',0.00,''),(84,'PSRS TEXTILES',9,0.00,0.00,0.00,'','Completed','2026-05-19 10:55:12',0.00,''),(85,'SREE RAMA TRADERS',16,0.00,0.00,0.00,'','Completed','2026-05-19 10:57:58',0.00,''),(86,'CHINNATHARAPURAM',17,0.00,0.00,0.00,'','Completed','2026-05-19 11:02:00',0.00,''),(87,'AMARAVATHI COLLEGE',18,0.00,0.00,0.00,'','Completed','2026-05-19 11:02:16',0.00,''),(88,'KALKI HOME',5,0.00,0.00,0.00,'','In Progress','2026-05-19 11:05:42',0.00,''),(89,'WALTS',19,0.00,0.00,0.00,'NORTH','Completed','2026-05-19 11:25:56',0.00,''),(90,'SUNGAGATE',20,0.00,0.00,0.00,'NORTH','Completed','2026-05-19 11:27:21',0.00,''),(91,'TVR COACH',10,0.00,0.00,0.00,'NORTH','Upcoming','2026-05-19 11:29:07',0.00,''),(92,'BHARATHI COFFEE',21,0.00,0.00,0.00,'NORTH','Upcoming','2026-05-19 11:29:47',0.00,''),(93,'GANDHIGRAMAM ',22,0.00,0.00,0.00,'NORTH','Upcoming','2026-05-19 11:31:17',0.00,''),(94,'GANDHIGRAMAM CURCH',23,0.00,0.00,0.00,'NORTH','Upcoming','2026-05-19 11:31:44',0.00,''),(95,'EEGAI SUPERMARKET',24,0.00,0.00,0.00,'NORTH','Upcoming','2026-05-19 11:32:46',0.00,''),(96,'ANNAPOORANI GARDEN',25,0.00,0.00,0.00,'NORTH','Completed','2026-05-19 11:33:41',0.00,''),(97,'POOJA HOME',26,0.00,0.00,0.00,'NORTH','Completed','2026-05-19 11:34:18',0.00,''),(98,'KALIYAPANOOR',27,0.00,0.00,0.00,'NORTH','Upcoming','2026-05-19 11:34:54',0.00,''),(99,'MARIYAYI EXPORTS',28,0.00,0.00,0.00,'NORTH','Completed','2026-05-19 11:38:33',0.00,''),(100,'ERODE ROAD HOME',29,0.00,0.00,0.00,'NORTH','Completed','2026-05-19 11:39:22',0.00,''),(101,'ADHRU HOMEO CLINIC',30,0.00,0.00,0.00,'NORTH','Completed','2026-05-19 11:40:16',0.00,''),(102,'POORANI HOSPITAL',31,0.00,0.00,0.00,'NORTH','Completed','2026-05-19 11:41:44',0.00,''),(103,'OZONE INTERNATIONAL',32,0.00,0.00,0.00,'NORTH ','Completed','2026-05-19 11:42:45',0.00,''),(104,'REDDIYAR MAHAL',33,0.00,0.00,0.00,'NORTH','Completed','2026-05-19 11:43:25',0.00,''),(105,'RENOLD ',34,0.00,0.00,0.00,'NORTH','Completed','2026-05-19 11:44:04',0.00,''),(106,'SUBRA TEX',35,0.00,0.00,0.00,'NORTH','Completed','2026-05-19 11:44:41',0.00,''),(107,'NAMAKKAL ',36,0.00,0.00,0.00,'NORTH','Completed','2026-05-19 11:46:46',0.00,''),(108,'ANUBAV',37,0.00,0.00,0.00,'NORTH','Completed','2026-05-19 11:51:50',0.00,''),(109,'VASAVI NAGAR Dr. SITE',2,0.00,0.00,0.00,'NORTH','Completed','2026-05-19 11:53:57',0.00,''),(110,'TEA KADAI',2,0.00,0.00,0.00,'NORTH','Completed','2026-05-19 11:54:21',0.00,''),(111,'SASI HOME SALAPATTI',38,0.00,0.00,0.00,'NORTH','Completed','2026-05-19 11:55:15',0.00,''),(112,'SOMASUNDRAM HOSPITAL',2,0.00,0.00,0.00,'NORTH','Completed','2026-05-19 11:55:41',0.00,''),(113,'TRANSPORT COLONY',8,0.00,0.00,0.00,'','In Progress','2026-05-23 12:20:48',0.00,'');
/*!40000 ALTER TABLE `sites` ENABLE KEYS */;
UNLOCK TABLES;

--
-- Table structure for table `users`
--

DROP TABLE IF EXISTS `users`;
/*!40101 SET @saved_cs_client     = @@character_set_client */;
/*!50503 SET character_set_client = utf8mb4 */;
CREATE TABLE `users` (
  `Id` int NOT NULL AUTO_INCREMENT,
  `Username` varchar(50) NOT NULL,
  `PasswordHash` varchar(200) NOT NULL,
  `Role` varchar(10) NOT NULL DEFAULT 'EMP',
  `FullName` varchar(100) DEFAULT NULL,
  `CreatedAt` datetime DEFAULT NULL,
  PRIMARY KEY (`Id`),
  UNIQUE KEY `IX_users_Username` (`Username`),
  UNIQUE KEY `Username` (`Username`),
  UNIQUE KEY `Username_2` (`Username`),
  UNIQUE KEY `Username_3` (`Username`),
  UNIQUE KEY `Username_4` (`Username`)
) ENGINE=InnoDB AUTO_INCREMENT=3 DEFAULT CHARSET=utf8mb4 COLLATE=utf8mb4_0900_ai_ci;
/*!40101 SET character_set_client = @saved_cs_client */;

--
-- Dumping data for table `users`
--

LOCK TABLES `users` WRITE;
/*!40000 ALTER TABLE `users` DISABLE KEYS */;
INSERT INTO `users` VALUES (2,'admin','$2b$10$7EObsBqWvmrVvbfsL/EJGOEINSmZkqvaFxp61kiocLbtX0d1LDU6K','ADMIN','Administrator','2026-05-19 11:19:26');
/*!40000 ALTER TABLE `users` ENABLE KEYS */;
UNLOCK TABLES;

--
-- Table structure for table `weekly_pay_sheet_items`
--

DROP TABLE IF EXISTS `weekly_pay_sheet_items`;
/*!40101 SET @saved_cs_client     = @@character_set_client */;
/*!50503 SET character_set_client = utf8mb4 */;
CREATE TABLE `weekly_pay_sheet_items` (
  `id` int NOT NULL AUTO_INCREMENT,
  `WeeklyPaySheetId` int NOT NULL,
  `PayeeId` int DEFAULT NULL,
  `SiteId` int NOT NULL,
  `Amount` decimal(18,2) NOT NULL DEFAULT '0.00',
  `PaymentStatus` varchar(20) DEFAULT 'Pending',
  `PaymentId` int DEFAULT NULL,
  `PaymentDate` datetime DEFAULT NULL,
  `PaymentMode` varchar(30) DEFAULT NULL,
  `PaymentNotes` varchar(500) DEFAULT NULL,
  `CreatedAt` datetime DEFAULT NULL,
  `IsSkipped` tinyint(1) NOT NULL DEFAULT '0',
  `SkippedToSheetId` int DEFAULT NULL,
  `IsExtraPayment` tinyint(1) NOT NULL DEFAULT '0',
  `ExtraPaymentDescription` varchar(255) DEFAULT NULL,
  PRIMARY KEY (`id`),
  KEY `WeeklyPaySheetId` (`WeeklyPaySheetId`),
  KEY `PayeeId` (`PayeeId`),
  KEY `SiteId` (`SiteId`),
  KEY `PaymentId` (`PaymentId`),
  CONSTRAINT `weekly_pay_sheet_items_ibfk_1` FOREIGN KEY (`WeeklyPaySheetId`) REFERENCES `weekly_pay_sheets` (`id`) ON DELETE CASCADE ON UPDATE CASCADE,
  CONSTRAINT `weekly_pay_sheet_items_ibfk_2` FOREIGN KEY (`PayeeId`) REFERENCES `payees` (`id`) ON DELETE CASCADE ON UPDATE CASCADE,
  CONSTRAINT `weekly_pay_sheet_items_ibfk_3` FOREIGN KEY (`SiteId`) REFERENCES `sites` (`Id`) ON DELETE CASCADE ON UPDATE CASCADE,
  CONSTRAINT `weekly_pay_sheet_items_ibfk_4` FOREIGN KEY (`PaymentId`) REFERENCES `payments` (`Id`) ON DELETE SET NULL ON UPDATE CASCADE
) ENGINE=InnoDB AUTO_INCREMENT=3765 DEFAULT CHARSET=utf8mb4 COLLATE=utf8mb4_0900_ai_ci;
/*!40101 SET character_set_client = @saved_cs_client */;

--
-- Dumping data for table `weekly_pay_sheet_items`
--

LOCK TABLES `weekly_pay_sheet_items` WRITE;
/*!40000 ALTER TABLE `weekly_pay_sheet_items` DISABLE KEYS */;
INSERT INTO `weekly_pay_sheet_items` VALUES (3590,189,682,88,10950.00,'Pending',NULL,NULL,NULL,NULL,'2026-05-23 12:03:11',0,NULL,0,NULL),(3591,189,682,79,1950.00,'Pending',NULL,NULL,NULL,NULL,'2026-05-23 12:03:11',0,NULL,0,NULL),(3592,189,682,80,6900.00,'Pending',NULL,NULL,NULL,NULL,'2026-05-23 12:03:11',0,NULL,0,NULL),(3593,189,671,75,2100.00,'Pending',NULL,NULL,NULL,NULL,'2026-05-23 12:03:11',0,NULL,0,NULL),(3594,189,671,74,2600.00,'Paid',3771,'2026-05-26 00:00:00','Cash','Partial: ₹2600 of ₹12600','2026-05-23 12:03:11',0,NULL,0,NULL),(3595,189,671,73,11550.00,'Pending',NULL,NULL,NULL,NULL,'2026-05-23 12:03:11',0,NULL,0,NULL),(3596,189,671,77,20650.00,'Pending',NULL,NULL,NULL,NULL,'2026-05-23 12:03:11',0,NULL,0,NULL),(3597,189,670,73,31650.00,'Pending',NULL,NULL,NULL,NULL,'2026-05-23 12:03:11',0,NULL,0,NULL),(3598,189,674,77,10650.00,'Pending',NULL,NULL,NULL,NULL,'2026-05-23 12:03:11',0,NULL,0,NULL),(3599,189,669,77,15450.00,'Pending',NULL,NULL,NULL,NULL,'2026-05-23 12:03:11',0,NULL,0,NULL),(3600,189,669,75,7950.00,'Pending',NULL,NULL,NULL,NULL,'2026-05-23 12:03:11',0,NULL,0,NULL),(3601,189,669,78,16800.00,'Pending',NULL,NULL,NULL,NULL,'2026-05-23 12:03:11',0,NULL,0,NULL),(3602,189,674,78,400.00,'Pending',NULL,NULL,NULL,NULL,'2026-05-23 12:03:52',0,NULL,0,NULL),(3708,196,670,73,27550.00,'Pending',NULL,NULL,NULL,NULL,'2026-06-06 13:15:41',0,NULL,0,NULL),(3709,196,669,113,27000.00,'Pending',NULL,NULL,NULL,NULL,'2026-06-06 13:15:41',0,NULL,0,NULL),(3710,196,671,113,4400.00,'Pending',NULL,NULL,NULL,NULL,'2026-06-06 13:15:41',0,NULL,0,NULL),(3711,196,671,73,13950.00,'Pending',NULL,NULL,NULL,NULL,'2026-06-06 13:15:41',0,NULL,0,NULL),(3712,196,671,74,6300.00,'Pending',NULL,NULL,NULL,NULL,'2026-06-06 13:15:41',0,NULL,0,NULL),(3713,196,692,113,1700.00,'Pending',NULL,NULL,NULL,NULL,'2026-06-06 13:15:41',0,NULL,0,NULL),(3714,196,669,77,14250.00,'Pending',NULL,NULL,NULL,NULL,'2026-06-06 13:15:41',0,NULL,0,NULL),(3715,196,671,77,25400.00,'Pending',NULL,NULL,NULL,NULL,'2026-06-06 13:15:41',0,NULL,0,NULL),(3716,196,680,74,11200.00,'Pending',NULL,NULL,NULL,NULL,'2026-06-06 13:15:41',0,NULL,0,NULL),(3717,196,682,80,7950.00,'Pending',NULL,NULL,NULL,NULL,'2026-06-06 13:15:41',0,NULL,0,NULL),(3718,196,680,113,6800.00,'Pending',NULL,NULL,NULL,NULL,'2026-06-06 13:15:41',0,NULL,0,NULL),(3719,196,678,73,3100.00,'Pending',NULL,NULL,NULL,NULL,'2026-06-06 13:15:41',0,NULL,0,NULL),(3720,196,678,77,27000.00,'Pending',NULL,NULL,NULL,NULL,'2026-06-06 13:15:41',0,NULL,0,NULL),(3721,196,680,73,3600.00,'Pending',NULL,NULL,NULL,NULL,'2026-06-06 13:15:41',0,NULL,0,NULL),(3722,196,670,72,1500.00,'Pending',NULL,NULL,NULL,NULL,'2026-06-06 13:15:41',0,NULL,0,NULL),(3723,196,669,74,6600.00,'Pending',NULL,NULL,NULL,NULL,'2026-06-06 13:15:41',0,NULL,0,NULL),(3724,196,669,99,13350.00,'Pending',NULL,NULL,NULL,NULL,'2026-06-06 13:15:41',0,NULL,0,NULL),(3725,196,674,77,7800.00,'Pending',NULL,NULL,NULL,NULL,'2026-06-06 13:15:41',0,NULL,0,NULL),(3726,196,NULL,78,0.00,'Pending',NULL,NULL,NULL,NULL,'2026-06-06 13:23:36',0,NULL,0,NULL),(3727,197,674,77,17550.00,'Pending',NULL,NULL,NULL,NULL,'2026-06-13 04:00:16',0,NULL,0,NULL),(3728,197,669,74,18550.00,'Pending',NULL,NULL,NULL,NULL,'2026-06-13 04:00:16',0,NULL,0,NULL),(3729,197,669,113,31950.00,'Pending',NULL,NULL,NULL,NULL,'2026-06-13 04:00:16',0,NULL,0,NULL),(3730,197,669,77,13750.00,'Pending',NULL,NULL,NULL,NULL,'2026-06-13 04:00:16',0,NULL,0,NULL),(3731,197,680,74,3400.00,'Pending',NULL,NULL,NULL,NULL,'2026-06-13 04:00:16',0,NULL,0,NULL),(3732,197,675,113,10050.00,'Pending',NULL,NULL,NULL,NULL,'2026-06-13 04:00:16',0,NULL,0,NULL),(3733,197,669,99,15000.00,'Pending',NULL,NULL,NULL,NULL,'2026-06-13 04:00:16',0,NULL,0,NULL),(3734,197,678,77,18600.00,'Pending',NULL,NULL,NULL,NULL,'2026-06-13 04:00:16',0,NULL,0,NULL),(3735,197,674,74,1050.00,'Pending',NULL,NULL,NULL,NULL,'2026-06-13 04:00:16',0,NULL,0,NULL),(3736,197,675,73,1800.00,'Pending',NULL,NULL,NULL,NULL,'2026-06-13 04:00:16',0,NULL,0,NULL),(3737,197,678,73,13950.00,'Pending',NULL,NULL,NULL,NULL,'2026-06-13 04:00:16',0,NULL,0,NULL),(3738,197,671,74,4850.00,'Pending',NULL,NULL,NULL,NULL,'2026-06-13 04:00:16',0,NULL,0,NULL),(3739,197,671,77,25000.00,'Pending',NULL,NULL,NULL,NULL,'2026-06-13 04:00:16',0,NULL,0,NULL),(3740,197,671,73,12100.00,'Pending',NULL,NULL,NULL,NULL,'2026-06-13 04:00:16',0,NULL,0,NULL),(3741,197,669,80,5400.00,'Pending',NULL,NULL,NULL,NULL,'2026-06-13 04:00:16',0,NULL,0,NULL),(3742,197,670,73,13050.00,'Pending',NULL,NULL,NULL,NULL,'2026-06-13 04:00:16',0,NULL,0,NULL),(3743,197,670,72,3600.00,'Pending',NULL,NULL,NULL,NULL,'2026-06-13 04:00:16',0,NULL,0,NULL),(3744,197,669,72,2250.00,'Pending',NULL,NULL,NULL,NULL,'2026-06-13 04:00:16',0,NULL,0,NULL),(3745,197,688,74,1200.00,'Pending',NULL,NULL,NULL,NULL,'2026-06-13 04:00:16',0,NULL,0,NULL),(3746,197,688,77,4800.00,'Pending',NULL,NULL,NULL,NULL,'2026-06-13 04:00:16',0,NULL,0,NULL),(3747,189,669,74,12900.00,'Pending',NULL,NULL,NULL,NULL,'2026-06-13 07:36:53',0,NULL,0,NULL),(3748,189,669,113,28050.00,'Pending',NULL,NULL,NULL,NULL,'2026-06-13 07:36:53',0,NULL,0,NULL),(3749,197,680,78,0.00,'Pending',NULL,NULL,NULL,NULL,'2026-06-13 07:51:06',0,NULL,0,NULL),(3750,197,678,74,4666.00,'Pending',NULL,NULL,NULL,NULL,'2026-06-13 07:51:34',0,NULL,0,NULL),(3751,197,674,91,0.00,'Pending',NULL,NULL,NULL,NULL,'2026-06-13 12:04:51',0,NULL,0,NULL),(3752,197,674,72,4200.00,'Pending',NULL,NULL,NULL,NULL,'2026-06-13 12:58:21',0,NULL,0,NULL),(3753,198,669,77,24450.00,'Pending',NULL,NULL,NULL,NULL,'2026-06-20 03:54:51',0,NULL,0,NULL),(3754,198,669,74,6800.00,'Pending',NULL,NULL,NULL,NULL,'2026-06-20 03:54:51',0,NULL,0,NULL),(3755,198,671,77,37500.00,'Pending',NULL,NULL,NULL,NULL,'2026-06-20 03:54:51',0,NULL,0,NULL),(3756,198,674,77,12500.00,'Pending',NULL,NULL,NULL,NULL,'2026-06-20 03:54:51',0,NULL,0,NULL),(3757,198,669,113,31050.00,'Pending',NULL,NULL,NULL,NULL,'2026-06-20 03:54:51',0,NULL,0,NULL),(3758,198,671,74,11100.00,'Pending',NULL,NULL,NULL,NULL,'2026-06-20 03:54:51',0,NULL,0,NULL),(3759,198,669,81,2050.00,'Pending',NULL,NULL,NULL,NULL,'2026-06-20 03:54:51',0,NULL,0,NULL),(3760,198,670,73,20400.00,'Pending',NULL,NULL,NULL,NULL,'2026-06-20 03:54:51',0,NULL,0,NULL),(3761,198,678,77,19700.00,'Pending',NULL,NULL,NULL,NULL,'2026-06-20 03:54:51',0,NULL,0,NULL),(3762,198,680,74,1350.00,'Pending',NULL,NULL,NULL,NULL,'2026-06-20 03:54:51',0,NULL,0,NULL),(3763,198,675,113,3750.00,'Pending',NULL,NULL,NULL,NULL,'2026-06-20 03:54:51',0,NULL,0,NULL),(3764,198,671,81,1100.00,'Pending',NULL,NULL,NULL,NULL,'2026-06-20 10:11:37',0,NULL,0,NULL);
/*!40000 ALTER TABLE `weekly_pay_sheet_items` ENABLE KEYS */;
UNLOCK TABLES;

--
-- Table structure for table `weekly_pay_sheets`
--

DROP TABLE IF EXISTS `weekly_pay_sheets`;
/*!40101 SET @saved_cs_client     = @@character_set_client */;
/*!50503 SET character_set_client = utf8mb4 */;
CREATE TABLE `weekly_pay_sheets` (
  `id` int NOT NULL AUTO_INCREMENT,
  `Title` varchar(100) NOT NULL,
  `WeekDate` date NOT NULL,
  `Status` varchar(20) DEFAULT 'Open',
  `CreatedAt` datetime DEFAULT NULL,
  `SelectedPayeeIds` text,
  `SelectedSiteIds` text,
  PRIMARY KEY (`id`)
) ENGINE=InnoDB AUTO_INCREMENT=199 DEFAULT CHARSET=utf8mb4 COLLATE=utf8mb4_0900_ai_ci;
/*!40101 SET character_set_client = @saved_cs_client */;

--
-- Dumping data for table `weekly_pay_sheets`
--

LOCK TABLES `weekly_pay_sheets` WRITE;
/*!40000 ALTER TABLE `weekly_pay_sheets` DISABLE KEYS */;
INSERT INTO `weekly_pay_sheets` VALUES (189,'23.5.2026','2026-05-23','Open','2026-05-23 08:53:59','[682,671,670,674,669]','[72,73,74,75,76,77,78,79,80,88,91,92,93,94,95,98,113]'),(196,'30.05.2026-06.06.2026','2026-06-06','Open','2026-06-06 13:15:37','[670,669,671,692,680,682,678,674]','[72,73,74,75,76,77,78,79,80,88,113,91,92,93,94,95,98,99]'),(197,'7/6/2026 - 13/06/2026','2026-06-13','Open','2026-06-13 04:00:12','[674,669,680,675,678,671,670,688]','[72,73,74,75,76,77,78,79,80,88,113,91,92,93,94,95,98,99]'),(198,'14.6.2026-20.6.2026 JUNE','2026-06-20','Open','2026-06-20 03:54:48','[669,671,674,670,678,680,675]','[72,73,74,75,76,77,78,79,80,88,113,91,92,93,94,95,98,81]');
/*!40000 ALTER TABLE `weekly_pay_sheets` ENABLE KEYS */;
UNLOCK TABLES;

--
-- Dumping events for database 'jeeva_construction'
--

--
-- Dumping routines for database 'jeeva_construction'
--
/*!40103 SET TIME_ZONE=@OLD_TIME_ZONE */;

/*!40101 SET SQL_MODE=@OLD_SQL_MODE */;
/*!40014 SET FOREIGN_KEY_CHECKS=@OLD_FOREIGN_KEY_CHECKS */;
/*!40014 SET UNIQUE_CHECKS=@OLD_UNIQUE_CHECKS */;
/*!40101 SET CHARACTER_SET_CLIENT=@OLD_CHARACTER_SET_CLIENT */;
/*!40101 SET CHARACTER_SET_RESULTS=@OLD_CHARACTER_SET_RESULTS */;
/*!40101 SET COLLATION_CONNECTION=@OLD_COLLATION_CONNECTION */;
/*!40111 SET SQL_NOTES=@OLD_SQL_NOTES */;

-- Dump completed on 2026-06-26 16:02:02
